code,rows,train_rows,test_rows,test_start,test_end,task,model,metric,calendar_score,both_score,gain,evaluation_wall_s,resolution_deg,scheme,capacity_layout,capacity_years,run_id,workers,calendar_mae,both_mae,mae_reduction
sk,37886,30308,7578,2025-06-18 22:00:00+00:00,2026-04-30 21:00:00+00:00,regression,GradientBoosting,r2,-0.0870479002084054,-0.1153567561461577,-0.0283088559377522,5.8502129999687895,1.0,uniform,annual,"2022,2023,2024,2025,2026",20260723T013213Z-85f136d9,8,4.793595951055899,4.815281015022295,-0.0216850639663963
sk,37886,30308,7578,2025-06-18 22:00:00+00:00,2026-04-30 21:00:00+00:00,regression,LightGBM,r2,-0.0847400436040684,-0.1788070013115041,-0.0940669577074357,5.8502129999687895,1.0,uniform,annual,"2022,2023,2024,2025,2026",20260723T013213Z-85f136d9,8,4.781165758789873,4.90722058022151,-0.1260548214316363
sk,37886,30308,7578,2025-06-18 22:00:00+00:00,2026-04-30 21:00:00+00:00,classification,LogReg,auc,0.7284488448844885,0.8106930693069307,0.0822442244224422,5.87373920797836,0.5,capacity,annual,"2022,2023,2024,2025,2026",20260723T013213Z-85f136d9,8,,,
sk,37886,30308,7578,2025-06-18 22:00:00+00:00,2026-04-30 21:00:00+00:00,classification,RandForest,auc,0.4766336633663366,0.4761056105610561,-0.0005280528052805,5.87373920797836,0.5,capacity,annual,"2022,2023,2024,2025,2026",20260723T013213Z-85f136d9,8,,,
sk,37886,30308,7578,2025-06-18 22:00:00+00:00,2026-04-30 21:00:00+00:00,regression,GradientBoosting,r2,-0.0870479002084054,-0.0949289511854065,-0.007881050977001,5.87373920797836,0.5,capacity,annual,"2022,2023,2024,2025,2026",20260723T013213Z-85f136d9,8,4.793595951055899,4.741144628102272,0.0524513229536269
sk,37886,30308,7578,2025-06-18 22:00:00+00:00,2026-04-30 21:00:00+00:00,classification,RandForest,auc,0.4766336633663366,0.4788118811881188,0.0021782178217821,5.393337125016842,0.5,uniform,annual,"2022,2023,2024,2025,2026",20260723T013213Z-85f136d9,8,,,
sk,37886,30308,7578,2025-06-18 22:00:00+00:00,2026-04-30 21:00:00+00:00,regression,LightGBM,r2,-0.0847400436040684,-0.156481151915425,-0.0717411083113566,5.87373920797836,0.5,capacity,annual,"2022,2023,2024,2025,2026",20260723T013213Z-85f136d9,8,4.781165758789873,4.853424141300544,-0.0722583825106708
sk,37886,30308,7578,2025-06-18 22:00:00+00:00,2026-04-30 21:00:00+00:00,classification,LogReg,auc,0.7284488448844885,0.8134653465346535,0.085016501650165,5.393337125016842,0.5,uniform,annual,"2022,2023,2024,2025,2026",20260723T013213Z-85f136d9,8,,,
sk,37886,30308,7578,2025-06-18 22:00:00+00:00,2026-04-30 21:00:00+00:00,regression,GradientBoosting,r2,-0.0870479002084054,-0.1181875435609196,-0.0311396433525141,5.393337125016842,0.5,uniform,annual,"2022,2023,2024,2025,2026",20260723T013213Z-85f136d9,8,4.793595951055899,4.792182164762065,0.0014137862938339
sk,37886,30308,7578,2025-06-18 22:00:00+00:00,2026-04-30 21:00:00+00:00,regression,LightGBM,r2,-0.0847400436040684,-0.2103715632623595,-0.1256315196582911,5.393337125016842,0.5,uniform,annual,"2022,2023,2024,2025,2026",20260723T013213Z-85f136d9,8,4.781165758789873,4.9744021659110675,-0.1932364071211942
sk,37886,30308,7578,2025-06-18 22:00:00+00:00,2026-04-30 21:00:00+00:00,classification,LogReg,auc,0.7284488448844885,0.8115731573157315,0.083124312431243,5.275956750032492,0.25,uniform,annual,"2022,2023,2024,2025,2026",20260723T013213Z-85f136d9,8,,,
sk,37886,30308,7578,2025-06-18 22:00:00+00:00,2026-04-30 21:00:00+00:00,classification,RandForest,auc,0.4766336633663366,0.4766336633663366,0.0,5.8502129999687895,1.0,uniform,annual,"2022,2023,2024,2025,2026",20260723T013213Z-85f136d9,8,,,
sk,37886,30308,7578,2025-06-18 22:00:00+00:00,2026-04-30 21:00:00+00:00,regression,GradientBoosting,r2,-0.0870479002084054,-0.1309983565729457,-0.0439504563645403,5.275956750032492,0.25,uniform,annual,"2022,2023,2024,2025,2026",20260723T013213Z-85f136d9,8,4.793595951055899,4.830478883511316,-0.0368829324554171
sk,37886,30308,7578,2025-06-18 22:00:00+00:00,2026-04-30 21:00:00+00:00,classification,RandForest,auc,0.4766336633663366,0.4781518151815181,0.0015181518151815,5.275956750032492,0.25,uniform,annual,"2022,2023,2024,2025,2026",20260723T013213Z-85f136d9,8,,,
sk,37886,30308,7578,2025-06-18 22:00:00+00:00,2026-04-30 21:00:00+00:00,regression,LightGBM,r2,-0.0847400436040684,-0.2169325196353986,-0.1321924760313302,5.275956750032492,0.25,uniform,annual,"2022,2023,2024,2025,2026",20260723T013213Z-85f136d9,8,4.781165758789873,4.985401941932357,-0.2042361831424841
sk,37886,30308,7578,2025-06-18 22:00:00+00:00,2026-04-30 21:00:00+00:00,classification,LogReg,auc,0.7284488448844885,0.8124092409240925,0.083960396039604,5.8502129999687895,1.0,uniform,annual,"2022,2023,2024,2025,2026",20260723T013213Z-85f136d9,8,,,
sk,37886,30308,7578,2025-06-18 22:00:00+00:00,2026-04-30 21:00:00+00:00,regression,LightGBM,r2,-0.0847400436040684,-0.1818019223182565,-0.0970618787141881,5.764175999967847,1.0,capacity,annual,"2022,2023,2024,2025,2026",20260723T013213Z-85f136d9,8,4.781165758789873,4.922099231930985,-0.1409334731411116
sk,37886,30308,7578,2025-06-18 22:00:00+00:00,2026-04-30 21:00:00+00:00,regression,GradientBoosting,r2,-0.0870479002084054,-0.1225954169679139,-0.0355475167595085,5.735325290996116,2.0,uniform,annual,"2022,2023,2024,2025,2026",20260723T013213Z-85f136d9,8,4.793595951055899,4.791554404276778,0.0020415467791208
rs,37939,30351,7588,2025-06-18 15:00:00+00:00,2026-04-30 21:00:00+00:00,regression,LightGBM,r2,0.3178515446322429,0.2943632298141644,-0.0234883148180785,8.789823125000112,0.25,uniform,annual,"2022,2023,2024,2025,2026",20260723T013213Z-85f136d9,8,7.819130026646995,7.896982852194812,-0.0778528255478168
sk,37886,30308,7578,2025-06-18 22:00:00+00:00,2026-04-30 21:00:00+00:00,classification,LogReg,auc,0.7284488448844885,0.8151375137513752,0.0866886688668867,5.647832083981484,2.0,capacity,annual,"2022,2023,2024,2025,2026",20260723T013213Z-85f136d9,8,,,
de,37942,30353,7589,2025-06-18 17:00:00+00:00,2026-04-30 21:00:00+00:00,classification,LogReg,auc,0.6577787109776246,0.9629429884996742,0.3051642775220495,9.688972959003875,1.0,capacity,annual,"2022,2023,2024,2025,2026",20260723T013213Z-85f136d9,8,,,
sk,37886,30308,7578,2025-06-18 22:00:00+00:00,2026-04-30 21:00:00+00:00,classification,RandForest,auc,0.4766336633663366,0.6424642464246424,0.1658305830583057,5.647832083981484,2.0,capacity,annual,"2022,2023,2024,2025,2026",20260723T013213Z-85f136d9,8,,,
sk,37886,30308,7578,2025-06-18 22:00:00+00:00,2026-04-30 21:00:00+00:00,regression,GradientBoosting,r2,-0.0870479002084054,-0.1077475715430751,-0.0206996713346696,5.647832083981484,2.0,capacity,annual,"2022,2023,2024,2025,2026",20260723T013213Z-85f136d9,8,4.793595951055899,4.795187986806298,-0.0015920357503995
sk,37886,30308,7578,2025-06-18 22:00:00+00:00,2026-04-30 21:00:00+00:00,regression,LightGBM,r2,-0.0847400436040684,-0.1808556421654734,-0.096115598561405,5.647832083981484,2.0,capacity,annual,"2022,2023,2024,2025,2026",20260723T013213Z-85f136d9,8,4.781165758789873,4.898675206808576,-0.1175094480187031
sk,37886,30308,7578,2025-06-18 22:00:00+00:00,2026-04-30 21:00:00+00:00,classification,LogReg,auc,0.7284488448844885,0.8064686468646864,0.0780198019801979,5.764175999967847,1.0,capacity,annual,"2022,2023,2024,2025,2026",20260723T013213Z-85f136d9,8,,,
sk,37886,30308,7578,2025-06-18 22:00:00+00:00,2026-04-30 21:00:00+00:00,classification,RandForest,auc,0.4766336633663366,0.4793399339933993,0.0027062706270627,5.764175999967847,1.0,capacity,annual,"2022,2023,2024,2025,2026",20260723T013213Z-85f136d9,8,,,
sk,37886,30308,7578,2025-06-18 22:00:00+00:00,2026-04-30 21:00:00+00:00,regression,GradientBoosting,r2,-0.0870479002084054,-0.0886795353668969,-0.0016316351584915,5.764175999967847,1.0,capacity,annual,"2022,2023,2024,2025,2026",20260723T013213Z-85f136d9,8,4.793595951055899,4.72861740238811,0.0649785486677885
sk,37886,30308,7578,2025-06-18 22:00:00+00:00,2026-04-30 21:00:00+00:00,classification,LogReg,auc,0.7284488448844885,0.8079647964796479,0.0795159515951594,5.7537921659532,0.25,capacity,annual,"2022,2023,2024,2025,2026",20260723T013213Z-85f136d9,8,,,
sk,37886,30308,7578,2025-06-18 22:00:00+00:00,2026-04-30 21:00:00+00:00,classification,RandForest,auc,0.4766336633663366,0.4756435643564356,-0.0009900990099009,5.7537921659532,0.25,capacity,annual,"2022,2023,2024,2025,2026",20260723T013213Z-85f136d9,8,,,
sk,37886,30308,7578,2025-06-18 22:00:00+00:00,2026-04-30 21:00:00+00:00,regression,GradientBoosting,r2,-0.0870479002084054,-0.0913942942620997,-0.0043463940536943,5.7537921659532,0.25,capacity,annual,"2022,2023,2024,2025,2026",20260723T013213Z-85f136d9,8,4.793595951055899,4.745000401271201,0.0485955497846974
sk,37886,30308,7578,2025-06-18 22:00:00+00:00,2026-04-30 21:00:00+00:00,regression,LightGBM,r2,-0.0847400436040684,-0.1436608917436281,-0.0589208481395597,5.7537921659532,0.25,capacity,annual,"2022,2023,2024,2025,2026",20260723T013213Z-85f136d9,8,4.781165758789873,4.826547768247921,-0.0453820094580477
sk,37886,30308,7578,2025-06-18 22:00:00+00:00,2026-04-30 21:00:00+00:00,classification,LogReg,auc,0.7284488448844885,0.8195819581958196,0.0911331133113311,5.735325290996116,2.0,uniform,annual,"2022,2023,2024,2025,2026",20260723T013213Z-85f136d9,8,,,
sk,37886,30308,7578,2025-06-18 22:00:00+00:00,2026-04-30 21:00:00+00:00,classification,RandForest,auc,0.4766336633663366,0.6467986798679868,0.1701650165016501,5.735325290996116,2.0,uniform,annual,"2022,2023,2024,2025,2026",20260723T013213Z-85f136d9,8,,,
sk,37886,30308,7578,2025-06-18 22:00:00+00:00,2026-04-30 21:00:00+00:00,regression,LightGBM,r2,-0.0847400436040684,-0.2054786315017589,-0.1207385878976905,5.735325290996116,2.0,uniform,annual,"2022,2023,2024,2025,2026",20260723T013213Z-85f136d9,8,4.781165758789873,4.936600660333412,-0.155434901543539
de,37942,30353,7589,2025-06-18 17:00:00+00:00,2026-04-30 21:00:00+00:00,classification,RandForest,auc,0.7234274700435355,0.9701951902158564,0.2467677201723209,9.688972959003875,1.0,capacity,annual,"2022,2023,2024,2025,2026",20260723T013213Z-85f136d9,8,,,
de,37942,30353,7589,2025-06-18 17:00:00+00:00,2026-04-30 21:00:00+00:00,classification,LogReg,auc,0.6577787109776246,0.9490451337414182,0.2912664227637935,9.525606957962736,1.0,uniform,annual,"2022,2023,2024,2025,2026",20260723T013213Z-85f136d9,8,,,
de,37942,30353,7589,2025-06-18 17:00:00+00:00,2026-04-30 21:00:00+00:00,regression,LightGBM,r2,0.3062419079885355,0.8214262329669966,0.515184324978461,9.688972959003875,1.0,capacity,annual,"2022,2023,2024,2025,2026",20260723T013213Z-85f136d9,8,16.736379175487038,7.56045011221008,9.175929063276955
de,37942,30353,7589,2025-06-18 17:00:00+00:00,2026-04-30 21:00:00+00:00,regression,LightGBM,r2,0.3062419079885355,0.776949637861539,0.4707077298730034,9.661081707978155,2.0,uniform,annual,"2022,2023,2024,2025,2026",20260723T013213Z-85f136d9,8,16.736379175487038,8.746563929034313,7.989815246452725
de,37942,30353,7589,2025-06-18 17:00:00+00:00,2026-04-30 21:00:00+00:00,classification,RandForest,auc,0.7234274700435355,0.95644140218484,0.2330139321413044,9.525606957962736,1.0,uniform,annual,"2022,2023,2024,2025,2026",20260723T013213Z-85f136d9,8,,,
de,37942,30353,7589,2025-06-18 17:00:00+00:00,2026-04-30 21:00:00+00:00,regression,GradientBoosting,r2,0.3042126871263955,0.8037433529725342,0.4995306658461387,9.525606957962736,1.0,uniform,annual,"2022,2023,2024,2025,2026",20260723T013213Z-85f136d9,8,16.77297034342088,8.14771959305168,8.6252507503692
de,37942,30353,7589,2025-06-18 17:00:00+00:00,2026-04-30 21:00:00+00:00,regression,LightGBM,r2,0.3062419079885355,0.8029641954882918,0.4967222874997562,9.525606957962736,1.0,uniform,annual,"2022,2023,2024,2025,2026",20260723T013213Z-85f136d9,8,16.736379175487038,8.150908506397206,8.585470669089831
de,37942,30353,7589,2025-06-18 17:00:00+00:00,2026-04-30 21:00:00+00:00,classification,LogReg,auc,0.6577787109776246,0.9495568323390702,0.2917781213614455,8.906459583959077,0.25,uniform,annual,"2022,2023,2024,2025,2026",20260723T013213Z-85f136d9,8,,,
de,37942,30353,7589,2025-06-18 17:00:00+00:00,2026-04-30 21:00:00+00:00,classification,RandForest,auc,0.7234274700435355,0.9561335258625948,0.2327060558190593,8.906459583959077,0.25,uniform,annual,"2022,2023,2024,2025,2026",20260723T013213Z-85f136d9,8,,,
de,37942,30353,7589,2025-06-18 17:00:00+00:00,2026-04-30 21:00:00+00:00,regression,GradientBoosting,r2,0.3042126871263955,0.8056231173347929,0.5014104302083974,8.906459583959077,0.25,uniform,annual,"2022,2023,2024,2025,2026",20260723T013213Z-85f136d9,8,16.77297034342088,8.17266355050078,8.600306792920101
de,37942,30353,7589,2025-06-18 17:00:00+00:00,2026-04-30 21:00:00+00:00,regression,LightGBM,r2,0.3062419079885355,0.8079398104600541,0.5016979024715186,8.906459583959077,0.25,uniform,annual,"2022,2023,2024,2025,2026",20260723T013213Z-85f136d9,8,16.736379175487038,8.099865584022778,8.63651359146426
rs,37939,30351,7588,2025-06-18 15:00:00+00:00,2026-04-30 21:00:00+00:00,regression,GradientBoosting,r2,0.3209119493479312,0.3419198499320088,0.0210079005840776,8.789823125000112,0.25,uniform,annual,"2022,2023,2024,2025,2026",20260723T013213Z-85f136d9,8,7.804611765147217,7.667122206032036,0.1374895591151812
de,37942,30353,7589,2025-06-18 17:00:00+00:00,2026-04-30 21:00:00+00:00,regression,GradientBoosting,r2,0.3042126871263955,0.777042911034072,0.4728302239076765,9.661081707978155,2.0,uniform,annual,"2022,2023,2024,2025,2026",20260723T013213Z-85f136d9,8,16.77297034342088,8.759135224633166,8.013835118787714
de,37942,30353,7589,2025-06-18 17:00:00+00:00,2026-04-30 21:00:00+00:00,regression,GradientBoosting,r2,0.3042126871263955,0.822911799514562,0.5186991123881665,9.688972959003875,1.0,capacity,annual,"2022,2023,2024,2025,2026",20260723T013213Z-85f136d9,8,16.77297034342088,7.506620673547416,9.266349669873463
de,37942,30353,7589,2025-06-18 17:00:00+00:00,2026-04-30 21:00:00+00:00,classification,RandForest,auc,0.7234274700435355,0.9437911772285624,0.2203637071850269,9.661081707978155,2.0,uniform,annual,"2022,2023,2024,2025,2026",20260723T013213Z-85f136d9,8,,,
de,37942,30353,7589,2025-06-18 17:00:00+00:00,2026-04-30 21:00:00+00:00,regression,LightGBM,r2,0.3062419079885355,0.8037860379055976,0.497544129917062,9.490213249984665,0.5,uniform,annual,"2022,2023,2024,2025,2026",20260723T013213Z-85f136d9,8,16.736379175487038,8.199540191736553,8.536838983750485
de,37942,30353,7589,2025-06-18 17:00:00+00:00,2026-04-30 21:00:00+00:00,classification,LogReg,auc,0.6577787109776246,0.9625052729616578,0.3047265619840331,9.770131875004154,2.0,capacity,annual,"2022,2023,2024,2025,2026",20260723T013213Z-85f136d9,8,,,
de,37942,30353,7589,2025-06-18 17:00:00+00:00,2026-04-30 21:00:00+00:00,classification,RandForest,auc,0.7234274700435355,0.9689811443668748,0.2455536743233394,9.770131875004154,2.0,capacity,annual,"2022,2023,2024,2025,2026",20260723T013213Z-85f136d9,8,,,
de,37942,30353,7589,2025-06-18 17:00:00+00:00,2026-04-30 21:00:00+00:00,regression,GradientBoosting,r2,0.3042126871263955,0.8219232055138527,0.5177105183874572,9.770131875004154,2.0,capacity,annual,"2022,2023,2024,2025,2026",20260723T013213Z-85f136d9,8,16.77297034342088,7.526934891772882,9.246035451647998
de,37942,30353,7589,2025-06-18 17:00:00+00:00,2026-04-30 21:00:00+00:00,regression,LightGBM,r2,0.3062419079885355,0.8213199627692425,0.5150780547807069,9.770131875004154,2.0,capacity,annual,"2022,2023,2024,2025,2026",20260723T013213Z-85f136d9,8,16.736379175487038,7.556258264783627,9.180120910703412
de,37942,30353,7589,2025-06-18 17:00:00+00:00,2026-04-30 21:00:00+00:00,classification,LogReg,auc,0.6577787109776246,0.9635923953564772,0.3058136843788527,9.689197750005404,0.5,capacity,annual,"2022,2023,2024,2025,2026",20260723T013213Z-85f136d9,8,,,
de,37942,30353,7589,2025-06-18 17:00:00+00:00,2026-04-30 21:00:00+00:00,classification,RandForest,auc,0.7234274700435355,0.9718419631914256,0.24841449314789,9.689197750005404,0.5,capacity,annual,"2022,2023,2024,2025,2026",20260723T013213Z-85f136d9,8,,,
de,37942,30353,7589,2025-06-18 17:00:00+00:00,2026-04-30 21:00:00+00:00,regression,GradientBoosting,r2,0.3042126871263955,0.8227315557479988,0.5185188686216033,9.689197750005404,0.5,capacity,annual,"2022,2023,2024,2025,2026",20260723T013213Z-85f136d9,8,16.77297034342088,7.470503734689201,9.30246660873168
de,37942,30353,7589,2025-06-18 17:00:00+00:00,2026-04-30 21:00:00+00:00,regression,LightGBM,r2,0.3062419079885355,0.8206517938471487,0.5144098858586131,9.689197750005404,0.5,capacity,annual,"2022,2023,2024,2025,2026",20260723T013213Z-85f136d9,8,16.736379175487038,7.543933765723516,9.192445409763522
de,37942,30353,7589,2025-06-18 17:00:00+00:00,2026-04-30 21:00:00+00:00,classification,LogReg,auc,0.6577787109776246,0.9636600550776828,0.3058813441000582,9.161748583021108,0.25,capacity,annual,"2022,2023,2024,2025,2026",20260723T013213Z-85f136d9,8,,,
de,37942,30353,7589,2025-06-18 17:00:00+00:00,2026-04-30 21:00:00+00:00,classification,RandForest,auc,0.7234274700435355,0.9715495790483348,0.2481221090047992,9.161748583021108,0.25,capacity,annual,"2022,2023,2024,2025,2026",20260723T013213Z-85f136d9,8,,,
de,37942,30353,7589,2025-06-18 17:00:00+00:00,2026-04-30 21:00:00+00:00,regression,GradientBoosting,r2,0.3042126871263955,0.8231813614212589,0.5189686742948634,9.161748583021108,0.25,capacity,annual,"2022,2023,2024,2025,2026",20260723T013213Z-85f136d9,8,16.77297034342088,7.4798876803845715,9.293082663036309
de,37942,30353,7589,2025-06-18 17:00:00+00:00,2026-04-30 21:00:00+00:00,regression,LightGBM,r2,0.3062419079885355,0.8218002159055219,0.5155583079169863,9.161748583021108,0.25,capacity,annual,"2022,2023,2024,2025,2026",20260723T013213Z-85f136d9,8,16.736379175487038,7.5047321257974415,9.231647049689595
de,37942,30353,7589,2025-06-18 17:00:00+00:00,2026-04-30 21:00:00+00:00,classification,LogReg,auc,0.6577787109776246,0.9483416272113768,0.2905629162337522,9.490213249984665,0.5,uniform,annual,"2022,2023,2024,2025,2026",20260723T013213Z-85f136d9,8,,,
de,37942,30353,7589,2025-06-18 17:00:00+00:00,2026-04-30 21:00:00+00:00,classification,RandForest,auc,0.7234274700435355,0.9548543144981224,0.2314268444545868,9.490213249984665,0.5,uniform,annual,"2022,2023,2024,2025,2026",20260723T013213Z-85f136d9,8,,,
de,37942,30353,7589,2025-06-18 17:00:00+00:00,2026-04-30 21:00:00+00:00,regression,GradientBoosting,r2,0.3042126871263955,0.803163662202012,0.4989509750756165,9.490213249984665,0.5,uniform,annual,"2022,2023,2024,2025,2026",20260723T013213Z-85f136d9,8,16.77297034342088,8.226705292166347,8.546265051254533
de,37942,30353,7589,2025-06-18 17:00:00+00:00,2026-04-30 21:00:00+00:00,classification,LogReg,auc,0.6577787109776246,0.94035244040113,0.2825737294235054,9.661081707978155,2.0,uniform,annual,"2022,2023,2024,2025,2026",20260723T013213Z-85f136d9,8,,,
rs,37939,30351,7588,2025-06-18 15:00:00+00:00,2026-04-30 21:00:00+00:00,classification,RandForest,auc,0.8548951457225289,0.803493572502653,-0.0514015732198759,8.789823125000112,0.25,uniform,annual,"2022,2023,2024,2025,2026",20260723T013213Z-85f136d9,8,,,
si,37852,30281,7571,2025-06-19 04:00:00+00:00,2026-04-30 21:00:00+00:00,regression,GradientBoosting,r2,0.2739339828273509,0.1808215811777174,-0.0931124016496335,10.44051225000294,2.0,capacity,annual,"2022,2023,2024,2025,2026",20260723T013213Z-85f136d9,8,11.025162261052875,11.239871853855712,-0.2147095928028353
rs,37939,30351,7588,2025-06-18 15:00:00+00:00,2026-04-30 21:00:00+00:00,regression,LightGBM,r2,0.3178515446322429,0.2909860815233702,-0.0268654631088727,8.750644083018415,0.5,uniform,annual,"2022,2023,2024,2025,2026",20260723T013213Z-85f136d9,8,7.819130026646995,7.904561103507494,-0.0854310768604991
si,37852,30281,7571,2025-06-19 04:00:00+00:00,2026-04-30 21:00:00+00:00,classification,LogReg,auc,0.7120709590882126,0.6952423575857164,-0.0168286015024962,10.397637708985712,1.0,capacity,annual,"2022,2023,2024,2025,2026",20260723T013213Z-85f136d9,8,,,
si,37852,30281,7571,2025-06-19 04:00:00+00:00,2026-04-30 21:00:00+00:00,classification,RandForest,auc,0.7048730726626523,0.730226844390313,0.0253537717276607,10.397637708985712,1.0,capacity,annual,"2022,2023,2024,2025,2026",20260723T013213Z-85f136d9,8,,,
si,37852,30281,7571,2025-06-19 04:00:00+00:00,2026-04-30 21:00:00+00:00,regression,GradientBoosting,r2,0.2739339828273509,0.1880572607925245,-0.0858767220348264,10.397637708985712,1.0,capacity,annual,"2022,2023,2024,2025,2026",20260723T013213Z-85f136d9,8,11.025162261052875,11.217724667232364,-0.192562406179487
si,37852,30281,7571,2025-06-19 04:00:00+00:00,2026-04-30 21:00:00+00:00,regression,LightGBM,r2,0.2730284651616971,0.1300588517115831,-0.1429696134501139,10.397637708985712,1.0,capacity,annual,"2022,2023,2024,2025,2026",20260723T013213Z-85f136d9,8,11.043282360430762,11.50808977764654,-0.464807417215777
si,37852,30281,7571,2025-06-19 04:00:00+00:00,2026-04-30 21:00:00+00:00,classification,LogReg,auc,0.7120709590882126,0.6951826409705854,-0.0168883181176272,10.44051225000294,2.0,capacity,annual,"2022,2023,2024,2025,2026",20260723T013213Z-85f136d9,8,,,
si,37852,30281,7571,2025-06-19 04:00:00+00:00,2026-04-30 21:00:00+00:00,classification,RandForest,auc,0.7048730726626523,0.7296655082080817,0.0247924355454294,10.44051225000294,2.0,capacity,annual,"2022,2023,2024,2025,2026",20260723T013213Z-85f136d9,8,,,
si,37852,30281,7571,2025-06-19 04:00:00+00:00,2026-04-30 21:00:00+00:00,regression,LightGBM,r2,0.2730284651616971,0.114204427719462,-0.158824037442235,10.44051225000294,2.0,capacity,annual,"2022,2023,2024,2025,2026",20260723T013213Z-85f136d9,8,11.043282360430762,11.584396257954248,-0.5411138975234859
si,37852,30281,7571,2025-06-19 04:00:00+00:00,2026-04-30 21:00:00+00:00,classification,LogReg,auc,0.7120709590882126,0.6945304830352315,-0.0175404760529811,10.386719583999366,1.0,uniform,annual,"2022,2023,2024,2025,2026",20260723T013213Z-85f136d9,8,,,
si,37852,30281,7571,2025-06-19 04:00:00+00:00,2026-04-30 21:00:00+00:00,classification,RandForest,auc,0.7048730726626523,0.7310767890047931,0.0262037163421408,10.386719583999366,1.0,uniform,annual,"2022,2023,2024,2025,2026",20260723T013213Z-85f136d9,8,,,
si,37852,30281,7571,2025-06-19 04:00:00+00:00,2026-04-30 21:00:00+00:00,regression,GradientBoosting,r2,0.2739339828273509,0.1908517683151633,-0.0830822145121875,10.386719583999366,1.0,uniform,annual,"2022,2023,2024,2025,2026",20260723T013213Z-85f136d9,8,11.025162261052875,11.226667358966033,-0.2015050979131558
si,37852,30281,7571,2025-06-19 04:00:00+00:00,2026-04-30 21:00:00+00:00,regression,LightGBM,r2,0.2730284651616971,0.1342166982845843,-0.1388117668771127,10.386719583999366,1.0,uniform,annual,"2022,2023,2024,2025,2026",20260723T013213Z-85f136d9,8,11.043282360430762,11.478619173722286,-0.4353368132915243
si,37852,30281,7571,2025-06-19 04:00:00+00:00,2026-04-30 21:00:00+00:00,classification,LogReg,auc,0.7120709590882126,0.6955284723571132,-0.0165424867310993,10.499656416010112,0.25,capacity,annual,"2022,2023,2024,2025,2026",20260723T013213Z-85f136d9,8,,,
si,37852,30281,7571,2025-06-19 04:00:00+00:00,2026-04-30 21:00:00+00:00,classification,RandForest,auc,0.7048730726626523,0.7297040943286277,0.0248310216659753,10.499656416010112,0.25,capacity,annual,"2022,2023,2024,2025,2026",20260723T013213Z-85f136d9,8,,,
si,37852,30281,7571,2025-06-19 04:00:00+00:00,2026-04-30 21:00:00+00:00,regression,GradientBoosting,r2,0.2739339828273509,0.1933945586340153,-0.0805394241933356,10.499656416010112,0.25,capacity,annual,"2022,2023,2024,2025,2026",20260723T013213Z-85f136d9,8,11.025162261052875,11.2000593114472,-0.174897050394323
si,37852,30281,7571,2025-06-19 04:00:00+00:00,2026-04-30 21:00:00+00:00,regression,LightGBM,r2,0.2730284651616971,0.122890389125543,-0.150138076036154,10.499656416010112,0.25,capacity,annual,"2022,2023,2024,2025,2026",20260723T013213Z-85f136d9,8,11.043282360430762,11.571690703427777,-0.5284083429970146
si,37852,30281,7571,2025-06-19 04:00:00+00:00,2026-04-30 21:00:00+00:00,regression,LightGBM,r2,0.2730284651616971,0.1262753802379755,-0.1467530849237215,10.397476957994511,0.5,capacity,annual,"2022,2023,2024,2025,2026",20260723T013213Z-85f136d9,8,11.043282360430762,11.589088036052887,-0.5458056756221268
si,37852,30281,7571,2025-06-19 04:00:00+00:00,2026-04-30 21:00:00+00:00,classification,LogReg,auc,0.7120709590882126,0.6942522429823135,-0.0178187161058991,10.09346620796714,0.25,uniform,annual,"2022,2023,2024,2025,2026",20260723T013213Z-85f136d9,8,,,
si,37852,30281,7571,2025-06-19 04:00:00+00:00,2026-04-30 21:00:00+00:00,regression,GradientBoosting,r2,0.2739339828273509,0.195494725256194,-0.0784392575711568,10.397476957994511,0.5,capacity,annual,"2022,2023,2024,2025,2026",20260723T013213Z-85f136d9,8,11.025162261052875,11.186243057668028,-0.1610807966151508
si,37852,30281,7571,2025-06-19 04:00:00+00:00,2026-04-30 21:00:00+00:00,classification,LogReg,auc,0.7120709590882126,0.6955448780206108,-0.0165260810676017,10.397476957994511,0.5,capacity,annual,"2022,2023,2024,2025,2026",20260723T013213Z-85f136d9,8,,,
lv,37941,30352,7589,2025-06-18 16:00:00+00:00,2026-04-30 20:00:00+00:00,regression,GradientBoosting,r2,0.1064500428780012,0.0818063076898469,-0.0246437351881542,10.63291158399079,1.0,capacity,annual,"2022,2023,2024,2025,2026",20260723T013213Z-85f136d9,8,28.93154042520603,28.216762066343662,0.7147783588623717
lv,37941,30352,7589,2025-06-18 16:00:00+00:00,2026-04-30 20:00:00+00:00,regression,LightGBM,r2,0.0945632178997945,0.0671456344184029,-0.0274175834813915,10.63291158399079,1.0,capacity,annual,"2022,2023,2024,2025,2026",20260723T013213Z-85f136d9,8,29.10992510288042,28.18052447948508,0.9294006233953418
lv,37941,30352,7589,2025-06-18 16:00:00+00:00,2026-04-30 20:00:00+00:00,classification,LogReg,auc,0.6047247653192754,0.6108239327616327,0.0060991674423572,10.535158417013008,0.5,capacity,annual,"2022,2023,2024,2025,2026",20260723T013213Z-85f136d9,8,,,
lv,37941,30352,7589,2025-06-18 16:00:00+00:00,2026-04-30 20:00:00+00:00,classification,RandForest,auc,0.60216233604846,0.6192277175000007,0.0170653814515406,10.535158417013008,0.5,capacity,annual,"2022,2023,2024,2025,2026",20260723T013213Z-85f136d9,8,,,
lv,37941,30352,7589,2025-06-18 16:00:00+00:00,2026-04-30 20:00:00+00:00,regression,GradientBoosting,r2,0.1064500428780012,0.0994372773717637,-0.0070127655062374,10.535158417013008,0.5,capacity,annual,"2022,2023,2024,2025,2026",20260723T013213Z-85f136d9,8,28.93154042520603,27.962041026159337,0.9694993990466968
lv,37941,30352,7589,2025-06-18 16:00:00+00:00,2026-04-30 20:00:00+00:00,regression,LightGBM,r2,0.0945632178997945,0.0710720490374301,-0.0234911688623643,10.535158417013008,0.5,capacity,annual,"2022,2023,2024,2025,2026",20260723T013213Z-85f136d9,8,29.10992510288042,28.1455667845162,0.9643583183642191
lv,37941,30352,7589,2025-06-18 16:00:00+00:00,2026-04-30 20:00:00+00:00,classification,LogReg,auc,0.6047247653192754,0.6115385119625594,0.0068137466432839,10.102840624982491,0.25,uniform,annual,"2022,2023,2024,2025,2026",20260723T013213Z-85f136d9,8,,,
lv,37941,30352,7589,2025-06-18 16:00:00+00:00,2026-04-30 20:00:00+00:00,classification,RandForest,auc,0.60216233604846,0.6323040217552302,0.0301416857067701,10.102840624982491,0.25,uniform,annual,"2022,2023,2024,2025,2026",20260723T013213Z-85f136d9,8,,,
lv,37941,30352,7589,2025-06-18 16:00:00+00:00,2026-04-30 20:00:00+00:00,regression,GradientBoosting,r2,0.1064500428780012,0.0939846237952776,-0.0124654190827235,10.102840624982491,0.25,uniform,annual,"2022,2023,2024,2025,2026",20260723T013213Z-85f136d9,8,28.93154042520603,28.208000017246395,0.7235404079596393
lv,37941,30352,7589,2025-06-18 16:00:00+00:00,2026-04-30 20:00:00+00:00,regression,LightGBM,r2,0.0945632178997945,0.0785598125514441,-0.0160034053483503,10.102840624982491,0.25,uniform,annual,"2022,2023,2024,2025,2026",20260723T013213Z-85f136d9,8,29.10992510288042,28.26299851424398,0.8469265886364425
lv,37941,30352,7589,2025-06-18 16:00:00+00:00,2026-04-30 20:00:00+00:00,classification,LogReg,auc,0.6047247653192754,0.6100942907025624,0.0053695253832869,9.912395208026282,2.0,uniform,annual,"2022,2023,2024,2025,2026",20260723T013213Z-85f136d9,8,,,
lv,37941,30352,7589,2025-06-18 16:00:00+00:00,2026-04-30 20:00:00+00:00,classification,RandForest,auc,0.60216233604846,0.6303126909879757,0.0281503549395156,9.912395208026282,2.0,uniform,annual,"2022,2023,2024,2025,2026",20260723T013213Z-85f136d9,8,,,
lv,37941,30352,7589,2025-06-18 16:00:00+00:00,2026-04-30 20:00:00+00:00,regression,GradientBoosting,r2,0.1064500428780012,0.1176596676335194,0.0112096247555182,9.912395208026282,2.0,uniform,annual,"2022,2023,2024,2025,2026",20260723T013213Z-85f136d9,8,28.93154042520603,28.028569815694436,0.9029706095115984
lv,37941,30352,7589,2025-06-18 16:00:00+00:00,2026-04-30 20:00:00+00:00,regression,LightGBM,r2,0.0945632178997945,0.115451246493077,0.0208880285932825,9.912395208026282,2.0,uniform,annual,"2022,2023,2024,2025,2026",20260723T013213Z-85f136d9,8,29.10992510288042,27.851450328586463,1.2584747742939584
si,37852,30281,7571,2025-06-19 04:00:00+00:00,2026-04-30 21:00:00+00:00,classification,RandForest,auc,0.7048730726626523,0.7285692817731765,0.0236962091105241,10.397476957994511,0.5,capacity,annual,"2022,2023,2024,2025,2026",20260723T013213Z-85f136d9,8,,,
si,37852,30281,7571,2025-06-19 04:00:00+00:00,2026-04-30 21:00:00+00:00,classification,RandForest,auc,0.7048730726626523,0.7309956794044613,0.0261226067418089,10.09346620796714,0.25,uniform,annual,"2022,2023,2024,2025,2026",20260723T013213Z-85f136d9,8,,,
si,37852,30281,7571,2025-06-19 04:00:00+00:00,2026-04-30 21:00:00+00:00,regression,GradientBoosting,r2,0.2739339828273509,0.1782627605015208,-0.0956712223258301,10.09346620796714,0.25,uniform,annual,"2022,2023,2024,2025,2026",20260723T013213Z-85f136d9,8,11.025162261052875,11.262039074389568,-0.2368768133366909
si,37852,30281,7571,2025-06-19 04:00:00+00:00,2026-04-30 21:00:00+00:00,regression,LightGBM,r2,0.2730284651616971,0.137614324463262,-0.135414140698435,10.09346620796714,0.25,uniform,annual,"2022,2023,2024,2025,2026",20260723T013213Z-85f136d9,8,11.043282360430762,11.478384792655872,-0.4351024322251096
rs,37939,30351,7588,2025-06-18 15:00:00+00:00,2026-04-30 21:00:00+00:00,classification,LogReg,auc,0.8509231079187037,0.9080252579647572,0.0571021500460533,8.954873083974235,0.25,capacity,annual,"2022,2023,2024,2025,2026",20260723T013213Z-85f136d9,8,,,
rs,37939,30351,7588,2025-06-18 15:00:00+00:00,2026-04-30 21:00:00+00:00,classification,RandForest,auc,0.8548951457225289,0.835924756502406,-0.0189703892201228,8.954873083974235,0.25,capacity,annual,"2022,2023,2024,2025,2026",20260723T013213Z-85f136d9,8,,,
rs,37939,30351,7588,2025-06-18 15:00:00+00:00,2026-04-30 21:00:00+00:00,regression,GradientBoosting,r2,0.3209119493479312,0.3755992111146495,0.0546872617667183,8.954873083974235,0.25,capacity,annual,"2022,2023,2024,2025,2026",20260723T013213Z-85f136d9,8,7.804611765147217,7.439927155034876,0.3646846101123415
rs,37939,30351,7588,2025-06-18 15:00:00+00:00,2026-04-30 21:00:00+00:00,regression,LightGBM,r2,0.3178515446322429,0.3572690191308976,0.0394174744986546,8.954873083974235,0.25,capacity,annual,"2022,2023,2024,2025,2026",20260723T013213Z-85f136d9,8,7.819130026646995,7.539269390577544,0.2798606360694515
rs,37939,30351,7588,2025-06-18 15:00:00+00:00,2026-04-30 21:00:00+00:00,classification,LogReg,auc,0.8509231079187037,0.8768494120711159,0.0259263041524121,8.955474624992348,2.0,uniform,annual,"2022,2023,2024,2025,2026",20260723T013213Z-85f136d9,8,,,
rs,37939,30351,7588,2025-06-18 15:00:00+00:00,2026-04-30 21:00:00+00:00,classification,RandForest,auc,0.8548951457225289,0.7968608433069679,-0.0580343024155609,8.955474624992348,2.0,uniform,annual,"2022,2023,2024,2025,2026",20260723T013213Z-85f136d9,8,,,
rs,37939,30351,7588,2025-06-18 15:00:00+00:00,2026-04-30 21:00:00+00:00,regression,GradientBoosting,r2,0.3209119493479312,0.3262286894957096,0.0053167401477783,8.955474624992348,2.0,uniform,annual,"2022,2023,2024,2025,2026",20260723T013213Z-85f136d9,8,7.804611765147217,7.782051997737312,0.0225597674099056
rs,37939,30351,7588,2025-06-18 15:00:00+00:00,2026-04-30 21:00:00+00:00,regression,LightGBM,r2,0.3178515446322429,0.3076879479860588,-0.0101635966461841,8.955474624992348,2.0,uniform,annual,"2022,2023,2024,2025,2026",20260723T013213Z-85f136d9,8,7.819130026646995,7.853408111592399,-0.034278084945404
rs,37939,30351,7588,2025-06-18 15:00:00+00:00,2026-04-30 21:00:00+00:00,classification,LogReg,auc,0.8509231079187037,0.904734423654742,0.0538113157360381,8.8949201250216,0.5,capacity,annual,"2022,2023,2024,2025,2026",20260723T013213Z-85f136d9,8,,,
rs,37939,30351,7588,2025-06-18 15:00:00+00:00,2026-04-30 21:00:00+00:00,classification,RandForest,auc,0.8548951457225289,0.8302989893568385,-0.0245961563656903,8.8949201250216,0.5,capacity,annual,"2022,2023,2024,2025,2026",20260723T013213Z-85f136d9,8,,,
rs,37939,30351,7588,2025-06-18 15:00:00+00:00,2026-04-30 21:00:00+00:00,regression,GradientBoosting,r2,0.3209119493479312,0.3773794449711012,0.0564674956231699,8.8949201250216,0.5,capacity,annual,"2022,2023,2024,2025,2026",20260723T013213Z-85f136d9,8,7.804611765147217,7.444083528321081,0.360528236826136
rs,37939,30351,7588,2025-06-18 15:00:00+00:00,2026-04-30 21:00:00+00:00,regression,LightGBM,r2,0.3178515446322429,0.3380646990933217,0.0202131544610787,8.8949201250216,0.5,capacity,annual,"2022,2023,2024,2025,2026",20260723T013213Z-85f136d9,8,7.819130026646995,7.644863822422263,0.1742662042247325
rs,37939,30351,7588,2025-06-18 15:00:00+00:00,2026-04-30 21:00:00+00:00,classification,LogReg,auc,0.8509231079187037,0.8791451588834913,0.0282220509647875,8.750644083018415,0.5,uniform,annual,"2022,2023,2024,2025,2026",20260723T013213Z-85f136d9,8,,,
rs,37939,30351,7588,2025-06-18 15:00:00+00:00,2026-04-30 21:00:00+00:00,classification,RandForest,auc,0.8548951457225289,0.7989297861670172,-0.0559653595555117,8.750644083018415,0.5,uniform,annual,"2022,2023,2024,2025,2026",20260723T013213Z-85f136d9,8,,,
rs,37939,30351,7588,2025-06-18 15:00:00+00:00,2026-04-30 21:00:00+00:00,regression,GradientBoosting,r2,0.3209119493479312,0.3332484022301488,0.0123364528822176,8.750644083018415,0.5,uniform,annual,"2022,2023,2024,2025,2026",20260723T013213Z-85f136d9,8,7.804611765147217,7.72144801975427,0.0831637453929472
rs,37939,30351,7588,2025-06-18 15:00:00+00:00,2026-04-30 21:00:00+00:00,regression,LightGBM,r2,0.3178515446322429,0.3071379412912783,-0.0107136033409646,8.884422041010112,1.0,uniform,annual,"2022,2023,2024,2025,2026",20260723T013213Z-85f136d9,8,7.819130026646995,7.851602783728018,-0.032472757081023
rs,37939,30351,7588,2025-06-18 15:00:00+00:00,2026-04-30 21:00:00+00:00,regression,GradientBoosting,r2,0.3209119493479312,0.3418773092405522,0.020965359892621,8.884422041010112,1.0,uniform,annual,"2022,2023,2024,2025,2026",20260723T013213Z-85f136d9,8,7.804611765147217,7.669456355075967,0.1351554100712499
rs,37939,30351,7588,2025-06-18 15:00:00+00:00,2026-04-30 21:00:00+00:00,classification,RandForest,auc,0.8548951457225289,0.7963480605491348,-0.0585470851733941,8.884422041010112,1.0,uniform,annual,"2022,2023,2024,2025,2026",20260723T013213Z-85f136d9,8,,,
rs,37939,30351,7588,2025-06-18 15:00:00+00:00,2026-04-30 21:00:00+00:00,classification,LogReg,auc,0.8509231079187037,0.8787877348539093,0.0278646269352055,8.884422041010112,1.0,uniform,annual,"2022,2023,2024,2025,2026",20260723T013213Z-85f136d9,8,,,
si,37852,30281,7571,2025-06-19 04:00:00+00:00,2026-04-30 21:00:00+00:00,classification,LogReg,auc,0.7120709590882126,0.6946108051637154,-0.0174601539244971,10.310922125005163,0.5,uniform,annual,"2022,2023,2024,2025,2026",20260723T013213Z-85f136d9,8,,,
si,37852,30281,7571,2025-06-19 04:00:00+00:00,2026-04-30 21:00:00+00:00,classification,RandForest,auc,0.7048730726626523,0.7307201955030108,0.0258471228403585,10.310922125005163,0.5,uniform,annual,"2022,2023,2024,2025,2026",20260723T013213Z-85f136d9,8,,,
si,37852,30281,7571,2025-06-19 04:00:00+00:00,2026-04-30 21:00:00+00:00,regression,GradientBoosting,r2,0.2739339828273509,0.1914546688278663,-0.0824793139994846,10.310922125005163,0.5,uniform,annual,"2022,2023,2024,2025,2026",20260723T013213Z-85f136d9,8,11.025162261052875,11.181257292238037,-0.1560950311851598
si,37852,30281,7571,2025-06-19 04:00:00+00:00,2026-04-30 21:00:00+00:00,regression,LightGBM,r2,0.2730284651616971,0.1481321604248809,-0.1248963047368161,10.310922125005163,0.5,uniform,annual,"2022,2023,2024,2025,2026",20260723T013213Z-85f136d9,8,11.043282360430762,11.45497148950524,-0.4116891290744782
si,37852,30281,7571,2025-06-19 04:00:00+00:00,2026-04-30 21:00:00+00:00,classification,LogReg,auc,0.7120709590882126,0.6943909692728485,-0.0176799898153641,9.991950333002023,2.0,uniform,annual,"2022,2023,2024,2025,2026",20260723T013213Z-85f136d9,8,,,
si,37852,30281,7571,2025-06-19 04:00:00+00:00,2026-04-30 21:00:00+00:00,classification,RandForest,auc,0.7048730726626523,0.7296408997128352,0.0247678270501828,9.991950333002023,2.0,uniform,annual,"2022,2023,2024,2025,2026",20260723T013213Z-85f136d9,8,,,
si,37852,30281,7571,2025-06-19 04:00:00+00:00,2026-04-30 21:00:00+00:00,regression,GradientBoosting,r2,0.2739339828273509,0.1901616189718601,-0.0837723638554908,9.991950333002023,2.0,uniform,annual,"2022,2023,2024,2025,2026",20260723T013213Z-85f136d9,8,11.025162261052875,11.224330840231206,-0.1991685791783286
rs,37939,30351,7588,2025-06-18 15:00:00+00:00,2026-04-30 21:00:00+00:00,classification,LogReg,auc,0.8509231079187037,0.8794333146902861,0.0285102067715823,8.789823125000112,0.25,uniform,annual,"2022,2023,2024,2025,2026",20260723T013213Z-85f136d9,8,,,
si,37852,30281,7571,2025-06-19 04:00:00+00:00,2026-04-30 21:00:00+00:00,regression,LightGBM,r2,0.2730284651616971,0.1297920228731162,-0.1432364422885809,9.991950333002023,2.0,uniform,annual,"2022,2023,2024,2025,2026",20260723T013213Z-85f136d9,8,11.043282360430762,11.50301092630172,-0.4597285658709573
rs,37939,30351,7588,2025-06-18 15:00:00+00:00,2026-04-30 21:00:00+00:00,classification,RandForest,auc,0.8548951457225289,0.8218280794375895,-0.0330670662849393,9.084612583974376,1.0,capacity,annual,"2022,2023,2024,2025,2026",20260723T013213Z-85f136d9,8,,,
rs,37939,30351,7588,2025-06-18 15:00:00+00:00,2026-04-30 21:00:00+00:00,regression,GradientBoosting,r2,0.3209119493479312,0.354425898547438,0.0335139491995067,9.084612583974376,1.0,capacity,annual,"2022,2023,2024,2025,2026",20260723T013213Z-85f136d9,8,7.804611765147217,7.578466387142416,0.2261453780048015
rs,37939,30351,7588,2025-06-18 15:00:00+00:00,2026-04-30 21:00:00+00:00,regression,LightGBM,r2,0.3178515446322429,0.3346974883914783,0.0168459437592353,9.084612583974376,1.0,capacity,annual,"2022,2023,2024,2025,2026",20260723T013213Z-85f136d9,8,7.819130026646995,7.670259986684209,0.1488700399627864
rs,37939,30351,7588,2025-06-18 15:00:00+00:00,2026-04-30 21:00:00+00:00,classification,LogReg,auc,0.8509231079187037,0.8961091445532813,0.0451860366345775,9.223434665997049,2.0,capacity,annual,"2022,2023,2024,2025,2026",20260723T013213Z-85f136d9,8,,,
rs,37939,30351,7588,2025-06-18 15:00:00+00:00,2026-04-30 21:00:00+00:00,classification,RandForest,auc,0.8548951457225289,0.8178566353613882,-0.0370385103611407,9.223434665997049,2.0,capacity,annual,"2022,2023,2024,2025,2026",20260723T013213Z-85f136d9,8,,,
rs,37939,30351,7588,2025-06-18 15:00:00+00:00,2026-04-30 21:00:00+00:00,regression,GradientBoosting,r2,0.3209119493479312,0.3544393938109966,0.0335274444630654,9.223434665997049,2.0,capacity,annual,"2022,2023,2024,2025,2026",20260723T013213Z-85f136d9,8,7.804611765147217,7.5499163675105505,0.2546953976366666
rs,37939,30351,7588,2025-06-18 15:00:00+00:00,2026-04-30 21:00:00+00:00,regression,LightGBM,r2,0.3178515446322429,0.3232847716257558,0.0054332269935128,9.223434665997049,2.0,capacity,annual,"2022,2023,2024,2025,2026",20260723T013213Z-85f136d9,8,7.819130026646995,7.703559421258825,0.1155706053881697
rs,37939,30351,7588,2025-06-18 15:00:00+00:00,2026-04-30 21:00:00+00:00,classification,LogReg,auc,0.8509231079187037,0.8942278196223813,0.0433047117036775,9.084612583974376,1.0,capacity,annual,"2022,2023,2024,2025,2026",20260723T013213Z-85f136d9,8,,,
cz,37942,30353,7589,2025-06-18 17:00:00+00:00,2026-04-30 21:00:00+00:00,regression,LightGBM,r2,0.6485725568380516,0.8119172154037416,0.16334465856569,9.000602292013355,1.0,capacity,annual,"2022,2023,2024,2025,2026",20260723T013213Z-85f136d9,8,3.731808330132867,2.826500039669967,0.9053082904628996
cz,37942,30353,7589,2025-06-18 17:00:00+00:00,2026-04-30 21:00:00+00:00,regression,GradientBoosting,r2,0.6468168976406032,0.8128448113878877,0.1660279137472844,8.892306958034169,0.5,capacity,annual,"2022,2023,2024,2025,2026",20260723T013213Z-85f136d9,8,3.7314817388568096,2.8096571419076097,0.9218245969491998
cz,37942,30353,7589,2025-06-18 17:00:00+00:00,2026-04-30 21:00:00+00:00,regression,LightGBM,r2,0.6485725568380516,0.8142070363047507,0.165634479466699,8.892306958034169,0.5,capacity,annual,"2022,2023,2024,2025,2026",20260723T013213Z-85f136d9,8,3.731808330132867,2.8195539671797625,0.9122543629531044
cz,37942,30353,7589,2025-06-18 17:00:00+00:00,2026-04-30 21:00:00+00:00,classification,LogReg,auc,0.9826602450807118,0.9949893955461294,0.0123291504654176,9.000602292013355,1.0,capacity,annual,"2022,2023,2024,2025,2026",20260723T013213Z-85f136d9,8,,,
cz,37942,30353,7589,2025-06-18 17:00:00+00:00,2026-04-30 21:00:00+00:00,classification,RandForest,auc,0.8609476257806057,0.9491472251679036,0.088199599387298,9.000602292013355,1.0,capacity,annual,"2022,2023,2024,2025,2026",20260723T013213Z-85f136d9,8,,,
cz,37942,30353,7589,2025-06-18 17:00:00+00:00,2026-04-30 21:00:00+00:00,regression,GradientBoosting,r2,0.6468168976406032,0.8092969717746205,0.1624800741340172,9.000602292013355,1.0,capacity,annual,"2022,2023,2024,2025,2026",20260723T013213Z-85f136d9,8,3.7314817388568096,2.836850234933159,0.8946315039236508
lv,37941,30352,7589,2025-06-18 16:00:00+00:00,2026-04-30 20:00:00+00:00,classification,RandForest,auc,0.60216233604846,0.6216553481375194,0.0194930120890594,10.63291158399079,1.0,capacity,annual,"2022,2023,2024,2025,2026",20260723T013213Z-85f136d9,8,,,
cz,37942,30353,7589,2025-06-18 17:00:00+00:00,2026-04-30 21:00:00+00:00,classification,LogReg,auc,0.9826602450807118,0.9951248969011428,0.0124646518204311,7.588327916979324,0.5,uniform,annual,"2022,2023,2024,2025,2026",20260723T013213Z-85f136d9,8,,,
cz,37942,30353,7589,2025-06-18 17:00:00+00:00,2026-04-30 21:00:00+00:00,classification,RandForest,auc,0.8609476257806057,0.9492031931188876,0.0882555673382819,7.588327916979324,0.5,uniform,annual,"2022,2023,2024,2025,2026",20260723T013213Z-85f136d9,8,,,
cz,37942,30353,7589,2025-06-18 17:00:00+00:00,2026-04-30 21:00:00+00:00,regression,GradientBoosting,r2,0.6468168976406032,0.8048918589901541,0.1580749613495509,7.588327916979324,0.5,uniform,annual,"2022,2023,2024,2025,2026",20260723T013213Z-85f136d9,8,3.7314817388568096,2.8732913529489186,0.858190385907891
cz,37942,30353,7589,2025-06-18 17:00:00+00:00,2026-04-30 21:00:00+00:00,regression,LightGBM,r2,0.6485725568380516,0.805899219545693,0.1573266627076414,7.588327916979324,0.5,uniform,annual,"2022,2023,2024,2025,2026",20260723T013213Z-85f136d9,8,3.731808330132867,2.8936700863545917,0.8381382437782752
cz,37942,30353,7589,2025-06-18 17:00:00+00:00,2026-04-30 21:00:00+00:00,classification,LogReg,auc,0.9826602450807118,0.995201484623542,0.01254123954283,7.813319875043817,0.25,uniform,annual,"2022,2023,2024,2025,2026",20260723T013213Z-85f136d9,8,,,
cz,37942,30353,7589,2025-06-18 17:00:00+00:00,2026-04-30 21:00:00+00:00,classification,RandForest,auc,0.8609476257806057,0.9380729350771768,0.0771253092965711,7.813319875043817,0.25,uniform,annual,"2022,2023,2024,2025,2026",20260723T013213Z-85f136d9,8,,,
cz,37942,30353,7589,2025-06-18 17:00:00+00:00,2026-04-30 21:00:00+00:00,regression,GradientBoosting,r2,0.6468168976406032,0.8062202520826929,0.1594033544420896,7.813319875043817,0.25,uniform,annual,"2022,2023,2024,2025,2026",20260723T013213Z-85f136d9,8,3.7314817388568096,2.869003618637911,0.8624781202188987
cz,37942,30353,7589,2025-06-18 17:00:00+00:00,2026-04-30 21:00:00+00:00,regression,LightGBM,r2,0.6485725568380516,0.8089158294692471,0.1603432726311955,7.813319875043817,0.25,uniform,annual,"2022,2023,2024,2025,2026",20260723T013213Z-85f136d9,8,3.731808330132867,2.870943368307031,0.8608649618258357
cz,37942,30353,7589,2025-06-18 17:00:00+00:00,2026-04-30 21:00:00+00:00,classification,LogReg,auc,0.9826602450807118,0.994842111464593,0.0121818663838811,7.9058299999451265,1.0,uniform,annual,"2022,2023,2024,2025,2026",20260723T013213Z-85f136d9,8,,,
cz,37942,30353,7589,2025-06-18 17:00:00+00:00,2026-04-30 21:00:00+00:00,classification,RandForest,auc,0.8609476257806057,0.9363997879109224,0.0754521621303168,8.892306958034169,0.5,capacity,annual,"2022,2023,2024,2025,2026",20260723T013213Z-85f136d9,8,,,
cz,37942,30353,7589,2025-06-18 17:00:00+00:00,2026-04-30 21:00:00+00:00,classification,RandForest,auc,0.8609476257806057,0.94913249675975,0.0881848709791444,7.9058299999451265,1.0,uniform,annual,"2022,2023,2024,2025,2026",20260723T013213Z-85f136d9,8,,,
cz,37942,30353,7589,2025-06-18 17:00:00+00:00,2026-04-30 21:00:00+00:00,classification,LogReg,auc,0.9826602450807118,0.995451867562154,0.012791622481442,8.892306958034169,0.5,capacity,annual,"2022,2023,2024,2025,2026",20260723T013213Z-85f136d9,8,,,
cz,37942,30353,7589,2025-06-18 17:00:00+00:00,2026-04-30 21:00:00+00:00,regression,GradientBoosting,r2,0.6468168976406032,0.8106674743589519,0.1638505767183486,8.755098833993543,0.25,capacity,annual,"2022,2023,2024,2025,2026",20260723T013213Z-85f136d9,8,3.7314817388568096,2.8201201437783556,0.911361595078454
at,37942,30353,7589,2025-06-18 17:00:00+00:00,2026-04-30 21:00:00+00:00,regression,LightGBM,r2,0.4701864272965924,0.6409606113537152,0.1707741840571227,10.475675499998031,0.5,uniform,annual,"2022,2023,2024,2025,2026",20260723T013213Z-85f136d9,8,17.35825615099765,14.24598856849119,3.11226758250646
at,37942,30353,7589,2025-06-18 17:00:00+00:00,2026-04-30 21:00:00+00:00,classification,LogReg,auc,0.8934039385367636,0.9183246497691214,0.0249207112323578,10.613650499959476,1.0,uniform,annual,"2022,2023,2024,2025,2026",20260723T013213Z-85f136d9,8,,,
at,37942,30353,7589,2025-06-18 17:00:00+00:00,2026-04-30 21:00:00+00:00,classification,RandForest,auc,0.8483202614013706,0.8907152480406078,0.0423949866392371,10.613650499959476,1.0,uniform,annual,"2022,2023,2024,2025,2026",20260723T013213Z-85f136d9,8,,,
at,37942,30353,7589,2025-06-18 17:00:00+00:00,2026-04-30 21:00:00+00:00,regression,GradientBoosting,r2,0.4665720531882078,0.6488867119650176,0.1823146587768097,10.613650499959476,1.0,uniform,annual,"2022,2023,2024,2025,2026",20260723T013213Z-85f136d9,8,17.443175542527076,14.013146410371553,3.430029132155523
at,37942,30353,7589,2025-06-18 17:00:00+00:00,2026-04-30 21:00:00+00:00,regression,LightGBM,r2,0.4701864272965924,0.6417648786620123,0.1715784513654198,10.613650499959476,1.0,uniform,annual,"2022,2023,2024,2025,2026",20260723T013213Z-85f136d9,8,17.35825615099765,14.224114788273589,3.1341413627240637
at,37942,30353,7589,2025-06-18 17:00:00+00:00,2026-04-30 21:00:00+00:00,classification,LogReg,auc,0.8934039385367636,0.9246870376374742,0.0312830991007105,10.268379666027611,2.0,uniform,annual,"2022,2023,2024,2025,2026",20260723T013213Z-85f136d9,8,,,
at,37942,30353,7589,2025-06-18 17:00:00+00:00,2026-04-30 21:00:00+00:00,classification,RandForest,auc,0.8483202614013706,0.9018038893423224,0.0534836279409518,10.268379666027611,2.0,uniform,annual,"2022,2023,2024,2025,2026",20260723T013213Z-85f136d9,8,,,
at,37942,30353,7589,2025-06-18 17:00:00+00:00,2026-04-30 21:00:00+00:00,regression,GradientBoosting,r2,0.4665720531882078,0.6689788128600946,0.2024067596718868,10.268379666027611,2.0,uniform,annual,"2022,2023,2024,2025,2026",20260723T013213Z-85f136d9,8,17.443175542527076,13.577781090567411,3.865394451959663
at,37942,30353,7589,2025-06-18 17:00:00+00:00,2026-04-30 21:00:00+00:00,regression,LightGBM,r2,0.4701864272965924,0.6594101964524586,0.1892237691558661,10.268379666027611,2.0,uniform,annual,"2022,2023,2024,2025,2026",20260723T013213Z-85f136d9,8,17.35825615099765,13.72262466640864,3.635631484589011
cz,37942,30353,7589,2025-06-18 17:00:00+00:00,2026-04-30 21:00:00+00:00,classification,LogReg,auc,0.9826602450807118,0.9945534346647816,0.0118931895840697,8.968975916970521,2.0,capacity,annual,"2022,2023,2024,2025,2026",20260723T013213Z-85f136d9,8,,,
cz,37942,30353,7589,2025-06-18 17:00:00+00:00,2026-04-30 21:00:00+00:00,classification,RandForest,auc,0.8609476257806057,0.96966831624838,0.1087206904677743,8.968975916970521,2.0,capacity,annual,"2022,2023,2024,2025,2026",20260723T013213Z-85f136d9,8,,,
cz,37942,30353,7589,2025-06-18 17:00:00+00:00,2026-04-30 21:00:00+00:00,regression,GradientBoosting,r2,0.6468168976406032,0.8095337078065633,0.16271681016596,8.968975916970521,2.0,capacity,annual,"2022,2023,2024,2025,2026",20260723T013213Z-85f136d9,8,3.7314817388568096,2.823082597873678,0.9083991409831316
cz,37942,30353,7589,2025-06-18 17:00:00+00:00,2026-04-30 21:00:00+00:00,regression,LightGBM,r2,0.6485725568380516,0.8120863285387392,0.1635137717006876,8.968975916970521,2.0,capacity,annual,"2022,2023,2024,2025,2026",20260723T013213Z-85f136d9,8,3.731808330132867,2.8277847196675823,0.9040236104652846
cz,37942,30353,7589,2025-06-18 17:00:00+00:00,2026-04-30 21:00:00+00:00,classification,LogReg,auc,0.9826602450807118,0.9957317073170732,0.0130714622363613,8.755098833993543,0.25,capacity,annual,"2022,2023,2024,2025,2026",20260723T013213Z-85f136d9,8,,,
cz,37942,30353,7589,2025-06-18 17:00:00+00:00,2026-04-30 21:00:00+00:00,classification,RandForest,auc,0.8609476257806057,0.936494049723106,0.0755464239425002,8.755098833993543,0.25,capacity,annual,"2022,2023,2024,2025,2026",20260723T013213Z-85f136d9,8,,,
cz,37942,30353,7589,2025-06-18 17:00:00+00:00,2026-04-30 21:00:00+00:00,regression,LightGBM,r2,0.6485725568380516,0.8110543662376062,0.1624818093995546,8.755098833993543,0.25,capacity,annual,"2022,2023,2024,2025,2026",20260723T013213Z-85f136d9,8,3.731808330132867,2.8379311939863796,0.8938771361464872
cz,37942,30353,7589,2025-06-18 17:00:00+00:00,2026-04-30 21:00:00+00:00,regression,GradientBoosting,r2,0.6468168976406032,0.800002016470343,0.1531851188297397,7.9058299999451265,1.0,uniform,annual,"2022,2023,2024,2025,2026",20260723T013213Z-85f136d9,8,3.7314817388568096,2.911970272090433,0.819511466766377
cz,37942,30353,7589,2025-06-18 17:00:00+00:00,2026-04-30 21:00:00+00:00,regression,LightGBM,r2,0.6485725568380516,0.8012597858296624,0.1526872289916108,7.9058299999451265,1.0,uniform,annual,"2022,2023,2024,2025,2026",20260723T013213Z-85f136d9,8,3.731808330132867,2.9080994139884,0.8237089161444668
cz,37942,30353,7589,2025-06-18 17:00:00+00:00,2026-04-30 21:00:00+00:00,classification,LogReg,auc,0.9826602450807118,0.9948892423706848,0.0122289972899728,7.095527458994184,2.0,uniform,annual,"2022,2023,2024,2025,2026",20260723T013213Z-85f136d9,8,,,
ro,37941,30352,7589,2025-06-18 16:00:00+00:00,2026-04-30 20:00:00+00:00,classification,RandForest,auc,0.7258137637223947,0.8165137644955804,0.0907000007731857,15.507142875052525,1.0,uniform,annual,"2022,2023,2024,2025,2026",20260723T013213Z-85f136d9,8,,,
ro,37941,30352,7589,2025-06-18 16:00:00+00:00,2026-04-30 20:00:00+00:00,regression,GradientBoosting,r2,0.2328451739185391,0.3884520745826099,0.1556069006640708,15.507142875052525,1.0,uniform,annual,"2022,2023,2024,2025,2026",20260723T013213Z-85f136d9,8,9.210031867941495,7.927979197102751,1.2820526708387463
ro,37941,30352,7589,2025-06-18 16:00:00+00:00,2026-04-30 20:00:00+00:00,regression,LightGBM,r2,0.2301648696311957,0.3790966584320104,0.1489317888008147,15.507142875052525,1.0,uniform,annual,"2022,2023,2024,2025,2026",20260723T013213Z-85f136d9,8,9.21728958616727,7.967603629852815,1.2496859563144556
ro,37941,30352,7589,2025-06-18 16:00:00+00:00,2026-04-30 20:00:00+00:00,classification,LogReg,auc,0.6904696574617976,0.8100347990103978,0.1195651415486002,15.512462749960832,2.0,uniform,annual,"2022,2023,2024,2025,2026",20260723T013213Z-85f136d9,8,,,
ro,37941,30352,7589,2025-06-18 16:00:00+00:00,2026-04-30 20:00:00+00:00,classification,RandForest,auc,0.7258137637223947,0.8272067801967175,0.1013930164743227,15.512462749960832,2.0,uniform,annual,"2022,2023,2024,2025,2026",20260723T013213Z-85f136d9,8,,,
ro,37941,30352,7589,2025-06-18 16:00:00+00:00,2026-04-30 20:00:00+00:00,regression,GradientBoosting,r2,0.2328451739185391,0.4142426850860631,0.181397511167524,15.512462749960832,2.0,uniform,annual,"2022,2023,2024,2025,2026",20260723T013213Z-85f136d9,8,9.210031867941495,7.767810713335261,1.4422211546062362
ro,37941,30352,7589,2025-06-18 16:00:00+00:00,2026-04-30 20:00:00+00:00,regression,LightGBM,r2,0.2301648696311957,0.4043480521957767,0.1741831825645809,15.512462749960832,2.0,uniform,annual,"2022,2023,2024,2025,2026",20260723T013213Z-85f136d9,8,9.21728958616727,7.808539448574138,1.408750137593132
ro,37941,30352,7589,2025-06-18 16:00:00+00:00,2026-04-30 20:00:00+00:00,classification,LogReg,auc,0.6904696574617976,0.8062068701502638,0.1157372126884662,15.61149816698162,0.5,uniform,annual,"2022,2023,2024,2025,2026",20260723T013213Z-85f136d9,8,,,
ro,37941,30352,7589,2025-06-18 16:00:00+00:00,2026-04-30 20:00:00+00:00,classification,RandForest,auc,0.7258137637223947,0.8151157600310933,0.0893019963086986,15.61149816698162,0.5,uniform,annual,"2022,2023,2024,2025,2026",20260723T013213Z-85f136d9,8,,,
ro,37941,30352,7589,2025-06-18 16:00:00+00:00,2026-04-30 20:00:00+00:00,regression,GradientBoosting,r2,0.2328451739185391,0.393342341148911,0.1604971672303718,15.61149816698162,0.5,uniform,annual,"2022,2023,2024,2025,2026",20260723T013213Z-85f136d9,8,9.210031867941495,7.899544853274116,1.3104870146673813
ro,37941,30352,7589,2025-06-18 16:00:00+00:00,2026-04-30 20:00:00+00:00,regression,LightGBM,r2,0.2301648696311957,0.3792130004614403,0.1490481308302446,15.61149816698162,0.5,uniform,annual,"2022,2023,2024,2025,2026",20260723T013213Z-85f136d9,8,9.21728958616727,7.989973434735961,1.2273161514313091
ro,37941,30352,7589,2025-06-18 16:00:00+00:00,2026-04-30 20:00:00+00:00,classification,LogReg,auc,0.6904696574617976,0.8045039759656192,0.1140343185038216,15.240611625020392,0.25,uniform,annual,"2022,2023,2024,2025,2026",20260723T013213Z-85f136d9,8,,,
ro,37941,30352,7589,2025-06-18 16:00:00+00:00,2026-04-30 20:00:00+00:00,classification,RandForest,auc,0.7258137637223947,0.8113716086617158,0.085557844939321,15.240611625020392,0.25,uniform,annual,"2022,2023,2024,2025,2026",20260723T013213Z-85f136d9,8,,,
ro,37941,30352,7589,2025-06-18 16:00:00+00:00,2026-04-30 20:00:00+00:00,regression,GradientBoosting,r2,0.2328451739185391,0.391134155814281,0.1582889818957419,15.240611625020392,0.25,uniform,annual,"2022,2023,2024,2025,2026",20260723T013213Z-85f136d9,8,9.210031867941495,7.9315004140342,1.2785314539072967
ro,37941,30352,7589,2025-06-18 16:00:00+00:00,2026-04-30 20:00:00+00:00,regression,LightGBM,r2,0.2301648696311957,0.3665266525258209,0.1363617828946252,15.240611625020392,0.25,uniform,annual,"2022,2023,2024,2025,2026",20260723T013213Z-85f136d9,8,9.21728958616727,8.090282550044202,1.127007036123068
ro,37941,30352,7589,2025-06-18 16:00:00+00:00,2026-04-30 20:00:00+00:00,classification,LogReg,auc,0.6904696574617976,0.8056927017123421,0.1152230442505445,15.507142875052525,1.0,uniform,annual,"2022,2023,2024,2025,2026",20260723T013213Z-85f136d9,8,,,
ro,37941,30352,7589,2025-06-18 16:00:00+00:00,2026-04-30 20:00:00+00:00,regression,LightGBM,r2,0.2301648696311957,0.4633603121290117,0.2331954424978159,15.41175495798234,0.25,capacity,annual,"2022,2023,2024,2025,2026",20260723T013213Z-85f136d9,8,9.21728958616727,7.415921892661126,1.801367693506144
ro,37941,30352,7589,2025-06-18 16:00:00+00:00,2026-04-30 20:00:00+00:00,regression,GradientBoosting,r2,0.2328451739185391,0.4697190344294949,0.2368738605109558,15.41175495798234,0.25,capacity,annual,"2022,2023,2024,2025,2026",20260723T013213Z-85f136d9,8,9.210031867941495,7.378302889613642,1.8317289783278552
ro,37941,30352,7589,2025-06-18 16:00:00+00:00,2026-04-30 20:00:00+00:00,classification,RandForest,auc,0.7258137637223947,0.837668264520756,0.1118545007983613,15.41175495798234,0.25,capacity,annual,"2022,2023,2024,2025,2026",20260723T013213Z-85f136d9,8,,,
cz,37942,30353,7589,2025-06-18 17:00:00+00:00,2026-04-30 21:00:00+00:00,classification,RandForest,auc,0.8609476257806057,0.9375486037469072,0.0766009779663013,7.095527458994184,2.0,uniform,annual,"2022,2023,2024,2025,2026",20260723T013213Z-85f136d9,8,,,
cz,37942,30353,7589,2025-06-18 17:00:00+00:00,2026-04-30 21:00:00+00:00,regression,GradientBoosting,r2,0.6468168976406032,0.8007420516934434,0.1539251540528401,7.095527458994184,2.0,uniform,annual,"2022,2023,2024,2025,2026",20260723T013213Z-85f136d9,8,3.7314817388568096,2.898726590256913,0.8327551485998965
cz,37942,30353,7589,2025-06-18 17:00:00+00:00,2026-04-30 21:00:00+00:00,regression,LightGBM,r2,0.6485725568380516,0.8040117353139398,0.1554391784758881,7.095527458994184,2.0,uniform,annual,"2022,2023,2024,2025,2026",20260723T013213Z-85f136d9,8,3.731808330132867,2.901926328138567,0.8298820019942998
ro,37941,30352,7589,2025-06-18 16:00:00+00:00,2026-04-30 20:00:00+00:00,classification,LogReg,auc,0.6904696574617976,0.8340187340990134,0.1435490766372158,15.761257500038482,2.0,capacity,annual,"2022,2023,2024,2025,2026",20260723T013213Z-85f136d9,8,,,
ro,37941,30352,7589,2025-06-18 16:00:00+00:00,2026-04-30 20:00:00+00:00,classification,RandForest,auc,0.7258137637223947,0.8471579393811158,0.1213441756587211,15.761257500038482,2.0,capacity,annual,"2022,2023,2024,2025,2026",20260723T013213Z-85f136d9,8,,,
ro,37941,30352,7589,2025-06-18 16:00:00+00:00,2026-04-30 20:00:00+00:00,regression,GradientBoosting,r2,0.2328451739185391,0.4902822318822309,0.2574370579636919,15.761257500038482,2.0,capacity,annual,"2022,2023,2024,2025,2026",20260723T013213Z-85f136d9,8,9.210031867941495,7.241297670085338,1.9687341978561592
ro,37941,30352,7589,2025-06-18 16:00:00+00:00,2026-04-30 20:00:00+00:00,regression,LightGBM,r2,0.2301648696311957,0.4810515079994928,0.250886638368297,15.761257500038482,2.0,capacity,annual,"2022,2023,2024,2025,2026",20260723T013213Z-85f136d9,8,9.21728958616727,7.334012707569123,1.8832768785981475
at,37942,30353,7589,2025-06-18 17:00:00+00:00,2026-04-30 21:00:00+00:00,regression,GradientBoosting,r2,0.4665720531882078,0.6446024043646494,0.1780303511764416,10.475675499998031,0.5,uniform,annual,"2022,2023,2024,2025,2026",20260723T013213Z-85f136d9,8,17.443175542527076,14.155332269141375,3.2878432733856986
ro,37941,30352,7589,2025-06-18 16:00:00+00:00,2026-04-30 20:00:00+00:00,classification,LogReg,auc,0.6904696574617976,0.8513449752458023,0.1608753177840047,15.615983374998905,1.0,capacity,annual,"2022,2023,2024,2025,2026",20260723T013213Z-85f136d9,8,,,
ro,37941,30352,7589,2025-06-18 16:00:00+00:00,2026-04-30 20:00:00+00:00,regression,GradientBoosting,r2,0.2328451739185391,0.5257982739235576,0.2929531000050185,15.615983374998905,1.0,capacity,annual,"2022,2023,2024,2025,2026",20260723T013213Z-85f136d9,8,9.210031867941495,6.818112610861995,2.3919192570795023
ro,37941,30352,7589,2025-06-18 16:00:00+00:00,2026-04-30 20:00:00+00:00,regression,LightGBM,r2,0.2301648696311957,0.5198428419711243,0.2896779723399285,15.615983374998905,1.0,capacity,annual,"2022,2023,2024,2025,2026",20260723T013213Z-85f136d9,8,9.21728958616727,6.87202363761313,2.3452659485541405
ro,37941,30352,7589,2025-06-18 16:00:00+00:00,2026-04-30 20:00:00+00:00,classification,LogReg,auc,0.6904696574617976,0.8446901100318572,0.1542204525700596,15.534108499996364,0.5,capacity,annual,"2022,2023,2024,2025,2026",20260723T013213Z-85f136d9,8,,,
ro,37941,30352,7589,2025-06-18 16:00:00+00:00,2026-04-30 20:00:00+00:00,classification,RandForest,auc,0.7258137637223947,0.8462439302571484,0.1204301665347536,15.534108499996364,0.5,capacity,annual,"2022,2023,2024,2025,2026",20260723T013213Z-85f136d9,8,,,
ro,37941,30352,7589,2025-06-18 16:00:00+00:00,2026-04-30 20:00:00+00:00,regression,GradientBoosting,r2,0.2328451739185391,0.4945848938072446,0.2617397198887055,15.534108499996364,0.5,capacity,annual,"2022,2023,2024,2025,2026",20260723T013213Z-85f136d9,8,9.210031867941495,7.131965318047748,2.078066549893749
ro,37941,30352,7589,2025-06-18 16:00:00+00:00,2026-04-30 20:00:00+00:00,regression,LightGBM,r2,0.2301648696311957,0.4814454599729022,0.2512805903417064,15.534108499996364,0.5,capacity,annual,"2022,2023,2024,2025,2026",20260723T013213Z-85f136d9,8,9.21728958616727,7.214622563480142,2.0026670226871284
ro,37941,30352,7589,2025-06-18 16:00:00+00:00,2026-04-30 20:00:00+00:00,classification,LogReg,auc,0.6904696574617976,0.8400232747730088,0.1495536173112112,15.41175495798234,0.25,capacity,annual,"2022,2023,2024,2025,2026",20260723T013213Z-85f136d9,8,,,
ro,37941,30352,7589,2025-06-18 16:00:00+00:00,2026-04-30 20:00:00+00:00,classification,RandForest,auc,0.7258137637223947,0.8593343871287602,0.1335206234063655,15.615983374998905,1.0,capacity,annual,"2022,2023,2024,2025,2026",20260723T013213Z-85f136d9,8,,,
at,37942,30353,7589,2025-06-18 17:00:00+00:00,2026-04-30 21:00:00+00:00,classification,RandForest,auc,0.8483202614013706,0.887898540192231,0.0395782787908604,10.475675499998031,0.5,uniform,annual,"2022,2023,2024,2025,2026",20260723T013213Z-85f136d9,8,,,
at,37942,30353,7589,2025-06-18 17:00:00+00:00,2026-04-30 21:00:00+00:00,regression,LightGBM,r2,0.4701864272965924,0.6386306876313053,0.1684442603347128,10.305197167035658,0.25,uniform,annual,"2022,2023,2024,2025,2026",20260723T013213Z-85f136d9,8,17.35825615099765,14.241734065843447,3.1165220851542017
fr,37882,30305,7577,2025-06-18 00:00:00+00:00,2026-04-30 21:00:00+00:00,classification,LogReg,auc,0.8439973298483466,0.929720950348342,0.0857236204999953,9.137591125036124,1.0,capacity,annual,"2022,2023,2024,2025,2026",20260723T013213Z-85f136d9,8,,,
fr,37882,30305,7577,2025-06-18 00:00:00+00:00,2026-04-30 21:00:00+00:00,classification,RandForest,auc,0.8032544823760589,0.8748768345540188,0.0716223521779598,9.137591125036124,1.0,capacity,annual,"2022,2023,2024,2025,2026",20260723T013213Z-85f136d9,8,,,
fr,37882,30305,7577,2025-06-18 00:00:00+00:00,2026-04-30 21:00:00+00:00,regression,GradientBoosting,r2,0.2051608737089854,0.6476223655483921,0.4424614918394067,9.137591125036124,1.0,capacity,annual,"2022,2023,2024,2025,2026",20260723T013213Z-85f136d9,8,6.669137291176178,4.353108195299846,2.316029095876332
fr,37882,30305,7577,2025-06-18 00:00:00+00:00,2026-04-30 21:00:00+00:00,regression,LightGBM,r2,0.2053276329345269,0.6477125324852445,0.4423848995507176,9.137591125036124,1.0,capacity,annual,"2022,2023,2024,2025,2026",20260723T013213Z-85f136d9,8,6.666062156668551,4.3477946751926675,2.3182674814758837
fr,37882,30305,7577,2025-06-18 00:00:00+00:00,2026-04-30 21:00:00+00:00,classification,LogReg,auc,0.8439973298483466,0.930324084955952,0.0863267551076052,8.965193292009644,2.0,capacity,annual,"2022,2023,2024,2025,2026",20260723T013213Z-85f136d9,8,,,
fr,37882,30305,7577,2025-06-18 00:00:00+00:00,2026-04-30 21:00:00+00:00,classification,RandForest,auc,0.8032544823760589,0.8944650764848019,0.0912105941087429,8.965193292009644,2.0,capacity,annual,"2022,2023,2024,2025,2026",20260723T013213Z-85f136d9,8,,,
fr,37882,30305,7577,2025-06-18 00:00:00+00:00,2026-04-30 21:00:00+00:00,regression,GradientBoosting,r2,0.2051608737089854,0.6496980813115165,0.4445372076025311,8.965193292009644,2.0,capacity,annual,"2022,2023,2024,2025,2026",20260723T013213Z-85f136d9,8,6.669137291176178,4.326458624445796,2.3426786667303823
fr,37882,30305,7577,2025-06-18 00:00:00+00:00,2026-04-30 21:00:00+00:00,regression,LightGBM,r2,0.2053276329345269,0.6514643415099046,0.4461367085753777,8.965193292009644,2.0,capacity,annual,"2022,2023,2024,2025,2026",20260723T013213Z-85f136d9,8,6.666062156668551,4.310742371328794,2.3553197853397574
fr,37882,30305,7577,2025-06-18 00:00:00+00:00,2026-04-30 21:00:00+00:00,classification,LogReg,auc,0.8439973298483466,0.9299127499741446,0.085915420125798,9.056059917027596,0.5,capacity,annual,"2022,2023,2024,2025,2026",20260723T013213Z-85f136d9,8,,,
fr,37882,30305,7577,2025-06-18 00:00:00+00:00,2026-04-30 21:00:00+00:00,classification,RandForest,auc,0.8032544823760589,0.8838298342437547,0.0805753518676958,9.056059917027596,0.5,capacity,annual,"2022,2023,2024,2025,2026",20260723T013213Z-85f136d9,8,,,
fr,37882,30305,7577,2025-06-18 00:00:00+00:00,2026-04-30 21:00:00+00:00,regression,GradientBoosting,r2,0.2051608737089854,0.6551233467305264,0.449962473021541,9.056059917027596,0.5,capacity,annual,"2022,2023,2024,2025,2026",20260723T013213Z-85f136d9,8,6.669137291176178,4.304528338759572,2.3646089524166065
fr,37882,30305,7577,2025-06-18 00:00:00+00:00,2026-04-30 21:00:00+00:00,regression,LightGBM,r2,0.2053276329345269,0.6555724040270927,0.4502447710925658,9.056059917027596,0.5,capacity,annual,"2022,2023,2024,2025,2026",20260723T013213Z-85f136d9,8,6.666062156668551,4.302809059165059,2.363253097503492
fr,37882,30305,7577,2025-06-18 00:00:00+00:00,2026-04-30 21:00:00+00:00,classification,LogReg,auc,0.8439973298483466,0.9148738729421498,0.0708765430938032,8.27422750002006,1.0,uniform,annual,"2022,2023,2024,2025,2026",20260723T013213Z-85f136d9,8,,,
fr,37882,30305,7577,2025-06-18 00:00:00+00:00,2026-04-30 21:00:00+00:00,classification,RandForest,auc,0.8032544823760589,0.8718534049134552,0.0685989225373963,8.27422750002006,1.0,uniform,annual,"2022,2023,2024,2025,2026",20260723T013213Z-85f136d9,8,,,
fr,37882,30305,7577,2025-06-18 00:00:00+00:00,2026-04-30 21:00:00+00:00,regression,GradientBoosting,r2,0.2051608737089854,0.5650614633166301,0.3599005896076447,8.27422750002006,1.0,uniform,annual,"2022,2023,2024,2025,2026",20260723T013213Z-85f136d9,8,6.669137291176178,4.871161391017421,1.7979759001587574
fr,37882,30305,7577,2025-06-18 00:00:00+00:00,2026-04-30 21:00:00+00:00,regression,LightGBM,r2,0.2053276329345269,0.5647233091980237,0.3593956762634968,8.27422750002006,1.0,uniform,annual,"2022,2023,2024,2025,2026",20260723T013213Z-85f136d9,8,6.666062156668551,4.884882659136919,1.7811794975316315
at,37942,30353,7589,2025-06-18 17:00:00+00:00,2026-04-30 21:00:00+00:00,classification,LogReg,auc,0.8934039385367636,0.9596712730552356,0.0662673345184721,10.701391540991608,1.0,capacity,annual,"2022,2023,2024,2025,2026",20260723T013213Z-85f136d9,8,,,
at,37942,30353,7589,2025-06-18 17:00:00+00:00,2026-04-30 21:00:00+00:00,classification,RandForest,auc,0.8483202614013706,0.9327830636956208,0.08446280229425,10.701391540991608,1.0,capacity,annual,"2022,2023,2024,2025,2026",20260723T013213Z-85f136d9,8,,,
at,37942,30353,7589,2025-06-18 17:00:00+00:00,2026-04-30 21:00:00+00:00,regression,GradientBoosting,r2,0.4665720531882078,0.7187821410541488,0.252210087865941,10.701391540991608,1.0,capacity,annual,"2022,2023,2024,2025,2026",20260723T013213Z-85f136d9,8,17.443175542527076,12.18762732853572,5.255548213991355
at,37942,30353,7589,2025-06-18 17:00:00+00:00,2026-04-30 21:00:00+00:00,regression,LightGBM,r2,0.4701864272965924,0.7093027174474402,0.2391162901508478,10.701391540991608,1.0,capacity,annual,"2022,2023,2024,2025,2026",20260723T013213Z-85f136d9,8,17.35825615099765,12.35517931836967,5.003076832627981
at,37942,30353,7589,2025-06-18 17:00:00+00:00,2026-04-30 21:00:00+00:00,classification,LogReg,auc,0.8934039385367636,0.9495292986437984,0.0561253601070349,10.638243291003164,2.0,capacity,annual,"2022,2023,2024,2025,2026",20260723T013213Z-85f136d9,8,,,
at,37942,30353,7589,2025-06-18 17:00:00+00:00,2026-04-30 21:00:00+00:00,classification,RandForest,auc,0.8483202614013706,0.915566267148176,0.0672460057468052,10.638243291003164,2.0,capacity,annual,"2022,2023,2024,2025,2026",20260723T013213Z-85f136d9,8,,,
at,37942,30353,7589,2025-06-18 17:00:00+00:00,2026-04-30 21:00:00+00:00,regression,GradientBoosting,r2,0.4665720531882078,0.6931743721925063,0.2266023190042985,10.638243291003164,2.0,capacity,annual,"2022,2023,2024,2025,2026",20260723T013213Z-85f136d9,8,17.443175542527076,12.812497252763416,4.63067828976366
at,37942,30353,7589,2025-06-18 17:00:00+00:00,2026-04-30 21:00:00+00:00,regression,LightGBM,r2,0.4701864272965924,0.6817737220417764,0.211587294745184,10.638243291003164,2.0,capacity,annual,"2022,2023,2024,2025,2026",20260723T013213Z-85f136d9,8,17.35825615099765,13.023448203094498,4.334807947903153
at,37942,30353,7589,2025-06-18 17:00:00+00:00,2026-04-30 21:00:00+00:00,classification,LogReg,auc,0.8934039385367636,0.9604512099223698,0.0670472713856061,10.413438166957349,0.25,capacity,annual,"2022,2023,2024,2025,2026",20260723T013213Z-85f136d9,8,,,
at,37942,30353,7589,2025-06-18 17:00:00+00:00,2026-04-30 21:00:00+00:00,classification,RandForest,auc,0.8483202614013706,0.92911132292051,0.0807910615191392,10.413438166957349,0.25,capacity,annual,"2022,2023,2024,2025,2026",20260723T013213Z-85f136d9,8,,,
at,37942,30353,7589,2025-06-18 17:00:00+00:00,2026-04-30 21:00:00+00:00,regression,GradientBoosting,r2,0.4665720531882078,0.7189771247250076,0.2524050715367998,10.413438166957349,0.25,capacity,annual,"2022,2023,2024,2025,2026",20260723T013213Z-85f136d9,8,17.443175542527076,12.171847572602791,5.271327969924284
at,37942,30353,7589,2025-06-18 17:00:00+00:00,2026-04-30 21:00:00+00:00,regression,LightGBM,r2,0.4701864272965924,0.7116046924766513,0.2414182651800588,10.413438166957349,0.25,capacity,annual,"2022,2023,2024,2025,2026",20260723T013213Z-85f136d9,8,17.35825615099765,12.276732393204757,5.081523757792896
at,37942,30353,7589,2025-06-18 17:00:00+00:00,2026-04-30 21:00:00+00:00,classification,LogReg,auc,0.8934039385367636,0.9150046771987492,0.0216007386619856,10.305197167035658,0.25,uniform,annual,"2022,2023,2024,2025,2026",20260723T013213Z-85f136d9,8,,,
at,37942,30353,7589,2025-06-18 17:00:00+00:00,2026-04-30 21:00:00+00:00,classification,RandForest,auc,0.8483202614013706,0.8862467063949047,0.037926444993534,10.305197167035658,0.25,uniform,annual,"2022,2023,2024,2025,2026",20260723T013213Z-85f136d9,8,,,
at,37942,30353,7589,2025-06-18 17:00:00+00:00,2026-04-30 21:00:00+00:00,regression,GradientBoosting,r2,0.4665720531882078,0.6455891367207893,0.1790170835325815,10.305197167035658,0.25,uniform,annual,"2022,2023,2024,2025,2026",20260723T013213Z-85f136d9,8,17.443175542527076,14.106856253535613,3.3363192889914632
at,37942,30353,7589,2025-06-18 17:00:00+00:00,2026-04-30 21:00:00+00:00,regression,LightGBM,r2,0.4701864272965924,0.7136469725005553,0.2434605452039628,10.464441709045786,0.5,capacity,annual,"2022,2023,2024,2025,2026",20260723T013213Z-85f136d9,8,17.35825615099765,12.235939865411972,5.122316285585679
at,37942,30353,7589,2025-06-18 17:00:00+00:00,2026-04-30 21:00:00+00:00,regression,GradientBoosting,r2,0.4665720531882078,0.7177333139251082,0.2511612607369003,10.464441709045786,0.5,capacity,annual,"2022,2023,2024,2025,2026",20260723T013213Z-85f136d9,8,17.443175542527076,12.205918400826867,5.2372571417002085
at,37942,30353,7589,2025-06-18 17:00:00+00:00,2026-04-30 21:00:00+00:00,classification,RandForest,auc,0.8483202614013706,0.932266987921274,0.0839467265199033,10.464441709045786,0.5,capacity,annual,"2022,2023,2024,2025,2026",20260723T013213Z-85f136d9,8,,,
at,37942,30353,7589,2025-06-18 17:00:00+00:00,2026-04-30 21:00:00+00:00,classification,LogReg,auc,0.8934039385367636,0.9611678834837116,0.0677639449469481,10.464441709045786,0.5,capacity,annual,"2022,2023,2024,2025,2026",20260723T013213Z-85f136d9,8,,,
fr,37882,30305,7577,2025-06-18 00:00:00+00:00,2026-04-30 21:00:00+00:00,classification,LogReg,auc,0.8439973298483466,0.9148574195428776,0.070860089694531,8.238265332998708,0.5,uniform,annual,"2022,2023,2024,2025,2026",20260723T013213Z-85f136d9,8,,,
fr,37882,30305,7577,2025-06-18 00:00:00+00:00,2026-04-30 21:00:00+00:00,classification,RandForest,auc,0.8032544823760589,0.8718362463684998,0.0685817639924408,8.238265332998708,0.5,uniform,annual,"2022,2023,2024,2025,2026",20260723T013213Z-85f136d9,8,,,
fr,37882,30305,7577,2025-06-18 00:00:00+00:00,2026-04-30 21:00:00+00:00,regression,GradientBoosting,r2,0.2051608737089854,0.5653444905481202,0.3601836168391348,8.238265332998708,0.5,uniform,annual,"2022,2023,2024,2025,2026",20260723T013213Z-85f136d9,8,6.669137291176178,4.870196632282732,1.7989406588934465
fr,37882,30305,7577,2025-06-18 00:00:00+00:00,2026-04-30 21:00:00+00:00,regression,LightGBM,r2,0.2053276329345269,0.5624950836512889,0.3571674507167619,8.238265332998708,0.5,uniform,annual,"2022,2023,2024,2025,2026",20260723T013213Z-85f136d9,8,6.666062156668551,4.886320076288769,1.7797420803797823
fr,37882,30305,7577,2025-06-18 00:00:00+00:00,2026-04-30 21:00:00+00:00,classification,LogReg,auc,0.8439973298483466,0.9148555391543892,0.0708582093060427,7.414278500014916,2.0,uniform,annual,"2022,2023,2024,2025,2026",20260723T013213Z-85f136d9,8,,,
fr,37882,30305,7577,2025-06-18 00:00:00+00:00,2026-04-30 21:00:00+00:00,classification,RandForest,auc,0.8032544823760589,0.8570667349874483,0.0538122526113894,7.414278500014916,2.0,uniform,annual,"2022,2023,2024,2025,2026",20260723T013213Z-85f136d9,8,,,
fr,37882,30305,7577,2025-06-18 00:00:00+00:00,2026-04-30 21:00:00+00:00,regression,GradientBoosting,r2,0.2051608737089854,0.5709445061812057,0.3657836324722203,7.414278500014916,2.0,uniform,annual,"2022,2023,2024,2025,2026",20260723T013213Z-85f136d9,8,6.669137291176178,4.8345444542895315,1.8345928368866469
at,37942,30353,7589,2025-06-18 17:00:00+00:00,2026-04-30 21:00:00+00:00,classification,LogReg,auc,0.8934039385367636,0.9162595081301268,0.0228555695933632,10.475675499998031,0.5,uniform,annual,"2022,2023,2024,2025,2026",20260723T013213Z-85f136d9,8,,,
fr,37882,30305,7577,2025-06-18 00:00:00+00:00,2026-04-30 21:00:00+00:00,regression,LightGBM,r2,0.2053276329345269,0.5686908772563045,0.3633632443217776,7.414278500014916,2.0,uniform,annual,"2022,2023,2024,2025,2026",20260723T013213Z-85f136d9,8,6.666062156668551,4.861067481353341,1.8049946753152095
fr,37882,30305,7577,2025-06-18 00:00:00+00:00,2026-04-30 21:00:00+00:00,classification,RandForest,auc,0.8032544823760589,0.8860315341149482,0.0827770517388892,7.0803609160357155,0.25,capacity,annual,"2022,2023,2024,2025,2026",20260723T013213Z-85f136d9,8,,,
fr,37882,30305,7577,2025-06-18 00:00:00+00:00,2026-04-30 21:00:00+00:00,regression,GradientBoosting,r2,0.2051608737089854,0.6570629025714629,0.4519020288624775,7.0803609160357155,0.25,capacity,annual,"2022,2023,2024,2025,2026",20260723T013213Z-85f136d9,8,6.669137291176178,4.27806185417554,2.391075437000638
fr,37882,30305,7577,2025-06-18 00:00:00+00:00,2026-04-30 21:00:00+00:00,regression,LightGBM,r2,0.2053276329345269,0.659113266525235,0.4537856335907081,7.0803609160357155,0.25,capacity,annual,"2022,2023,2024,2025,2026",20260723T013213Z-85f136d9,8,6.666062156668551,4.272519570250902,2.3935425864176496
fr,37882,30305,7577,2025-06-18 00:00:00+00:00,2026-04-30 21:00:00+00:00,classification,LogReg,auc,0.8439973298483466,0.9146585684602438,0.0706612386118972,7.459418666025158,0.25,uniform,annual,"2022,2023,2024,2025,2026",20260723T013213Z-85f136d9,8,,,
fr,37882,30305,7577,2025-06-18 00:00:00+00:00,2026-04-30 21:00:00+00:00,classification,RandForest,auc,0.8032544823760589,0.8717734884027041,0.0685190060266451,7.459418666025158,0.25,uniform,annual,"2022,2023,2024,2025,2026",20260723T013213Z-85f136d9,8,,,
fr,37882,30305,7577,2025-06-18 00:00:00+00:00,2026-04-30 21:00:00+00:00,regression,GradientBoosting,r2,0.2051608737089854,0.5617940541111754,0.35663318040219,7.459418666025158,0.25,uniform,annual,"2022,2023,2024,2025,2026",20260723T013213Z-85f136d9,8,6.669137291176178,4.8795345516960325,1.789602739480146
fr,37882,30305,7577,2025-06-18 00:00:00+00:00,2026-04-30 21:00:00+00:00,regression,LightGBM,r2,0.2053276329345269,0.5551149779299362,0.3497873449954093,7.459418666025158,0.25,uniform,annual,"2022,2023,2024,2025,2026",20260723T013213Z-85f136d9,8,6.666062156668551,4.93217074220068,1.7338914144678714
fr,37882,30305,7577,2025-06-18 00:00:00+00:00,2026-04-30 21:00:00+00:00,classification,LogReg,auc,0.8439973298483466,0.9298718515245248,0.0858745216761782,7.0803609160357155,0.25,capacity,annual,"2022,2023,2024,2025,2026",20260723T013213Z-85f136d9,8,,,
lv,37941,30352,7589,2025-06-18 16:00:00+00:00,2026-04-30 20:00:00+00:00,classification,LogReg,auc,0.6047247653192754,0.6094712044177689,0.0047464390984934,10.63291158399079,1.0,capacity,annual,"2022,2023,2024,2025,2026",20260723T013213Z-85f136d9,8,,,
lt,37939,30351,7588,2025-06-18 16:00:00+00:00,2026-04-30 20:00:00+00:00,regression,LightGBM,r2,-0.1407038953587196,0.2769717037259227,0.4176755990846423,9.679454625002109,0.5,uniform,annual,"2022,2023,2024,2025,2026",20260723T013213Z-85f136d9,8,31.560561210784737,23.51702886403871,8.043532346746026
lv,37941,30352,7589,2025-06-18 16:00:00+00:00,2026-04-30 20:00:00+00:00,regression,GradientBoosting,r2,0.1064500428780012,0.1030328739903994,-0.0034171688876017,9.81535533297574,0.5,uniform,annual,"2022,2023,2024,2025,2026",20260723T013213Z-85f136d9,8,28.93154042520603,28.131984456002147,0.7995559692038867
nl,37942,30353,7589,2025-06-18 17:00:00+00:00,2026-04-30 21:00:00+00:00,regression,LightGBM,r2,0.0113241157328115,0.8081717466126694,0.7968476308798579,6.7819474170100875,2.0,uniform,annual,"2022,2023,2024,2025,2026",20260723T013213Z-85f136d9,8,12.237823805520224,4.966708364875774,7.271115440644452
pt,37943,30354,7589,2025-06-18 18:00:00+00:00,2026-04-30 22:00:00+00:00,classification,LogReg,auc,0.7521459560523929,0.8714172415255947,0.1192712854732018,10.161908708978444,0.25,capacity,annual,"2022,2023,2024,2025,2026",20260723T013213Z-85f136d9,8,,,
pt,37943,30354,7589,2025-06-18 18:00:00+00:00,2026-04-30 22:00:00+00:00,classification,RandForest,auc,0.7258488546106153,0.8610211070746534,0.135172252464038,10.161908708978444,0.25,capacity,annual,"2022,2023,2024,2025,2026",20260723T013213Z-85f136d9,8,,,
pt,37943,30354,7589,2025-06-18 18:00:00+00:00,2026-04-30 22:00:00+00:00,regression,GradientBoosting,r2,0.1880983856235334,0.5068254259510088,0.3187270403274753,10.161908708978444,0.25,capacity,annual,"2022,2023,2024,2025,2026",20260723T013213Z-85f136d9,8,14.090024134966306,10.99918896299909,3.090835171967216
pt,37943,30354,7589,2025-06-18 18:00:00+00:00,2026-04-30 22:00:00+00:00,regression,LightGBM,r2,0.1781927962791758,0.4910304401974218,0.312837643918246,10.161908708978444,0.25,capacity,annual,"2022,2023,2024,2025,2026",20260723T013213Z-85f136d9,8,14.180399151819149,11.1908212339275,2.9895779178916477
pt,37943,30354,7589,2025-06-18 18:00:00+00:00,2026-04-30 22:00:00+00:00,classification,LogReg,auc,0.7521459560523929,0.8728470166485767,0.1207010605961838,10.14698399999179,1.0,capacity,annual,"2022,2023,2024,2025,2026",20260723T013213Z-85f136d9,8,,,
pt,37943,30354,7589,2025-06-18 18:00:00+00:00,2026-04-30 22:00:00+00:00,classification,RandForest,auc,0.7258488546106153,0.8554774303849029,0.1296285757742875,10.14698399999179,1.0,capacity,annual,"2022,2023,2024,2025,2026",20260723T013213Z-85f136d9,8,,,
pt,37943,30354,7589,2025-06-18 18:00:00+00:00,2026-04-30 22:00:00+00:00,regression,GradientBoosting,r2,0.1880983856235334,0.4947693373213847,0.3066709516978513,10.14698399999179,1.0,capacity,annual,"2022,2023,2024,2025,2026",20260723T013213Z-85f136d9,8,14.090024134966306,11.174257680060688,2.9157664549056186
pt,37943,30354,7589,2025-06-18 18:00:00+00:00,2026-04-30 22:00:00+00:00,regression,LightGBM,r2,0.1781927962791758,0.4799860409138795,0.3017932446347037,10.14698399999179,1.0,capacity,annual,"2022,2023,2024,2025,2026",20260723T013213Z-85f136d9,8,14.180399151819149,11.313855073232112,2.8665440785870366
pt,37943,30354,7589,2025-06-18 18:00:00+00:00,2026-04-30 22:00:00+00:00,classification,LogReg,auc,0.7521459560523929,0.8716245252908612,0.1194785692384683,10.130786291032564,0.5,capacity,annual,"2022,2023,2024,2025,2026",20260723T013213Z-85f136d9,8,,,
pt,37943,30354,7589,2025-06-18 18:00:00+00:00,2026-04-30 22:00:00+00:00,classification,RandForest,auc,0.7258488546106153,0.8593218803017306,0.1334730256911153,10.130786291032564,0.5,capacity,annual,"2022,2023,2024,2025,2026",20260723T013213Z-85f136d9,8,,,
pt,37943,30354,7589,2025-06-18 18:00:00+00:00,2026-04-30 22:00:00+00:00,regression,GradientBoosting,r2,0.1880983856235334,0.503844345055086,0.3157459594315526,10.130786291032564,0.5,capacity,annual,"2022,2023,2024,2025,2026",20260723T013213Z-85f136d9,8,14.090024134966306,11.043912521001536,3.0461116139647704
pt,37943,30354,7589,2025-06-18 18:00:00+00:00,2026-04-30 22:00:00+00:00,regression,LightGBM,r2,0.1781927962791758,0.4923870604279413,0.3141942641487655,10.130786291032564,0.5,capacity,annual,"2022,2023,2024,2025,2026",20260723T013213Z-85f136d9,8,14.180399151819149,11.154749537066156,3.025649614752993
pt,37943,30354,7589,2025-06-18 18:00:00+00:00,2026-04-30 22:00:00+00:00,classification,LogReg,auc,0.7521459560523929,0.8605973566318905,0.1084514005794976,10.379115334013475,2.0,capacity,annual,"2022,2023,2024,2025,2026",20260723T013213Z-85f136d9,8,,,
pt,37943,30354,7589,2025-06-18 18:00:00+00:00,2026-04-30 22:00:00+00:00,classification,RandForest,auc,0.7258488546106153,0.8388787345136437,0.1130298799030283,10.379115334013475,2.0,capacity,annual,"2022,2023,2024,2025,2026",20260723T013213Z-85f136d9,8,,,
nl,37942,30353,7589,2025-06-18 17:00:00+00:00,2026-04-30 21:00:00+00:00,regression,GradientBoosting,r2,0.009739908680317,0.8076725736392474,0.7979326649589303,6.7819474170100875,2.0,uniform,annual,"2022,2023,2024,2025,2026",20260723T013213Z-85f136d9,8,12.245521516628212,4.999363194643453,7.246158321984759
pt,37943,30354,7589,2025-06-18 18:00:00+00:00,2026-04-30 22:00:00+00:00,regression,GradientBoosting,r2,0.1880983856235334,0.4583858450258621,0.2702874594023287,10.379115334013475,2.0,capacity,annual,"2022,2023,2024,2025,2026",20260723T013213Z-85f136d9,8,14.090024134966306,11.564952454863432,2.525071680102874
nl,37942,30353,7589,2025-06-18 17:00:00+00:00,2026-04-30 21:00:00+00:00,classification,RandForest,auc,0.7405519221263166,0.8991427430700787,0.1585908209437621,6.7819474170100875,2.0,uniform,annual,"2022,2023,2024,2025,2026",20260723T013213Z-85f136d9,8,,,
nl,37942,30353,7589,2025-06-18 17:00:00+00:00,2026-04-30 21:00:00+00:00,regression,LightGBM,r2,0.0113241157328115,0.822560619207088,0.8112365034742764,6.90304504201049,0.5,uniform,annual,"2022,2023,2024,2025,2026",20260723T013213Z-85f136d9,8,12.237823805520224,4.799974779232574,7.437849026287651
nl,37942,30353,7589,2025-06-18 17:00:00+00:00,2026-04-30 21:00:00+00:00,classification,LogReg,auc,0.8220071105365223,0.9504832883379596,0.1284761778014372,7.565691291994881,1.0,capacity,annual,"2022,2023,2024,2025,2026",20260723T013213Z-85f136d9,8,,,
nl,37942,30353,7589,2025-06-18 17:00:00+00:00,2026-04-30 21:00:00+00:00,classification,RandForest,auc,0.7405519221263166,0.9021911479523936,0.161639225826077,7.565691291994881,1.0,capacity,annual,"2022,2023,2024,2025,2026",20260723T013213Z-85f136d9,8,,,
nl,37942,30353,7589,2025-06-18 17:00:00+00:00,2026-04-30 21:00:00+00:00,regression,GradientBoosting,r2,0.009739908680317,0.8470456229210668,0.8373057142407497,7.565691291994881,1.0,capacity,annual,"2022,2023,2024,2025,2026",20260723T013213Z-85f136d9,8,12.245521516628212,4.392363815056695,7.853157701571518
nl,37942,30353,7589,2025-06-18 17:00:00+00:00,2026-04-30 21:00:00+00:00,regression,LightGBM,r2,0.0113241157328115,0.8485721611814954,0.8372480454486838,7.565691291994881,1.0,capacity,annual,"2022,2023,2024,2025,2026",20260723T013213Z-85f136d9,8,12.237823805520224,4.369972135937511,7.867851669582715
nl,37942,30353,7589,2025-06-18 17:00:00+00:00,2026-04-30 21:00:00+00:00,classification,LogReg,auc,0.8220071105365223,0.947901821362029,0.1258947108255067,6.906418416998349,1.0,uniform,annual,"2022,2023,2024,2025,2026",20260723T013213Z-85f136d9,8,,,
nl,37942,30353,7589,2025-06-18 17:00:00+00:00,2026-04-30 21:00:00+00:00,classification,RandForest,auc,0.7405519221263166,0.894405680824366,0.1538537586980494,6.906418416998349,1.0,uniform,annual,"2022,2023,2024,2025,2026",20260723T013213Z-85f136d9,8,,,
nl,37942,30353,7589,2025-06-18 17:00:00+00:00,2026-04-30 21:00:00+00:00,regression,GradientBoosting,r2,0.009739908680317,0.8196596846727995,0.8099197759924824,6.906418416998349,1.0,uniform,annual,"2022,2023,2024,2025,2026",20260723T013213Z-85f136d9,8,12.245521516628212,4.840163951186531,7.4053575654416814
nl,37942,30353,7589,2025-06-18 17:00:00+00:00,2026-04-30 21:00:00+00:00,regression,LightGBM,r2,0.0113241157328115,0.8217500190362413,0.8104259033034298,6.906418416998349,1.0,uniform,annual,"2022,2023,2024,2025,2026",20260723T013213Z-85f136d9,8,12.237823805520224,4.792966192609786,7.44485761291044
nl,37942,30353,7589,2025-06-18 17:00:00+00:00,2026-04-30 21:00:00+00:00,classification,LogReg,auc,0.8220071105365223,0.9483535495646224,0.1263464390280999,6.837688667001203,0.25,uniform,annual,"2022,2023,2024,2025,2026",20260723T013213Z-85f136d9,8,,,
nl,37942,30353,7589,2025-06-18 17:00:00+00:00,2026-04-30 21:00:00+00:00,classification,RandForest,auc,0.7405519221263166,0.890735008935701,0.1501830868093844,6.837688667001203,0.25,uniform,annual,"2022,2023,2024,2025,2026",20260723T013213Z-85f136d9,8,,,
nl,37942,30353,7589,2025-06-18 17:00:00+00:00,2026-04-30 21:00:00+00:00,regression,GradientBoosting,r2,0.009739908680317,0.8258508929244898,0.8161109842441727,6.837688667001203,0.25,uniform,annual,"2022,2023,2024,2025,2026",20260723T013213Z-85f136d9,8,12.245521516628212,4.769695068120611,7.475826448507601
nl,37942,30353,7589,2025-06-18 17:00:00+00:00,2026-04-30 21:00:00+00:00,regression,LightGBM,r2,0.0113241157328115,0.8268033543342345,0.8154792386014229,6.837688667001203,0.25,uniform,annual,"2022,2023,2024,2025,2026",20260723T013213Z-85f136d9,8,12.237823805520224,4.753928347676137,7.483895457844088
nl,37942,30353,7589,2025-06-18 17:00:00+00:00,2026-04-30 21:00:00+00:00,classification,LogReg,auc,0.8220071105365223,0.9479520133845392,0.1259449028480169,6.90304504201049,0.5,uniform,annual,"2022,2023,2024,2025,2026",20260723T013213Z-85f136d9,8,,,
nl,37942,30353,7589,2025-06-18 17:00:00+00:00,2026-04-30 21:00:00+00:00,classification,RandForest,auc,0.7405519221263166,0.8914086086923457,0.1508566865660291,6.90304504201049,0.5,uniform,annual,"2022,2023,2024,2025,2026",20260723T013213Z-85f136d9,8,,,
nl,37942,30353,7589,2025-06-18 17:00:00+00:00,2026-04-30 21:00:00+00:00,regression,GradientBoosting,r2,0.009739908680317,0.8208760705751034,0.8111361618947863,6.90304504201049,0.5,uniform,annual,"2022,2023,2024,2025,2026",20260723T013213Z-85f136d9,8,12.245521516628212,4.838077185002957,7.407444331625255
nl,37942,30353,7589,2025-06-18 17:00:00+00:00,2026-04-30 21:00:00+00:00,classification,LogReg,auc,0.8220071105365223,0.9462987185824556,0.1242916080459333,6.7819474170100875,2.0,uniform,annual,"2022,2023,2024,2025,2026",20260723T013213Z-85f136d9,8,,,
nl,37942,30353,7589,2025-06-18 17:00:00+00:00,2026-04-30 21:00:00+00:00,regression,LightGBM,r2,0.0113241157328115,0.8386937244750535,0.827369608742242,7.520949458004907,2.0,capacity,annual,"2022,2023,2024,2025,2026",20260723T013213Z-85f136d9,8,12.237823805520224,4.512754410217089,7.725069395303136
pt,37943,30354,7589,2025-06-18 18:00:00+00:00,2026-04-30 22:00:00+00:00,regression,LightGBM,r2,0.1781927962791758,0.4482068495451197,0.2700140532659438,10.379115334013475,2.0,capacity,annual,"2022,2023,2024,2025,2026",20260723T013213Z-85f136d9,8,14.180399151819149,11.661687910434289,2.518711241384862
pt,37943,30354,7589,2025-06-18 18:00:00+00:00,2026-04-30 22:00:00+00:00,classification,RandForest,auc,0.7258488546106153,0.8483109218540206,0.1224620672434052,9.842608416976873,2.0,uniform,annual,"2022,2023,2024,2025,2026",20260723T013213Z-85f136d9,8,,,
gr,37933,30346,7587,2025-06-18 17:00:00+00:00,2026-04-30 20:00:00+00:00,classification,RandForest,auc,0.788488666149749,0.9400428799257204,0.1515542137759714,10.06911358301295,1.0,capacity,annual,"2022,2023,2024,2025,2026",20260723T013213Z-85f136d9,8,,,
lv,37941,30352,7589,2025-06-18 16:00:00+00:00,2026-04-30 20:00:00+00:00,regression,LightGBM,r2,0.0945632178997945,0.1052133842005457,0.0106501663007512,9.81535533297574,0.5,uniform,annual,"2022,2023,2024,2025,2026",20260723T013213Z-85f136d9,8,29.10992510288042,27.84200824737664,1.2679168555037812
gr,37933,30346,7587,2025-06-18 17:00:00+00:00,2026-04-30 20:00:00+00:00,regression,LightGBM,r2,0.2668967792070937,0.6168480364458683,0.3499512572387745,10.06911358301295,1.0,capacity,annual,"2022,2023,2024,2025,2026",20260723T013213Z-85f136d9,8,17.887216314420865,12.28279439238348,5.604421922037384
gr,37933,30346,7587,2025-06-18 17:00:00+00:00,2026-04-30 20:00:00+00:00,classification,LogReg,auc,0.7953325344182544,0.9239708782868724,0.1286383438686181,10.174147458048536,2.0,capacity,annual,"2022,2023,2024,2025,2026",20260723T013213Z-85f136d9,8,,,
gr,37933,30346,7587,2025-06-18 17:00:00+00:00,2026-04-30 20:00:00+00:00,classification,RandForest,auc,0.788488666149749,0.9346494690174532,0.1461608028677042,10.174147458048536,2.0,capacity,annual,"2022,2023,2024,2025,2026",20260723T013213Z-85f136d9,8,,,
gr,37933,30346,7587,2025-06-18 17:00:00+00:00,2026-04-30 20:00:00+00:00,regression,GradientBoosting,r2,0.2681877379901742,0.6063992733497783,0.338211535359604,10.174147458048536,2.0,capacity,annual,"2022,2023,2024,2025,2026",20260723T013213Z-85f136d9,8,17.875284454879893,12.524775560869935,5.350508894009955
gr,37933,30346,7587,2025-06-18 17:00:00+00:00,2026-04-30 20:00:00+00:00,regression,LightGBM,r2,0.2668967792070937,0.6023907900668551,0.3354940108597614,10.174147458048536,2.0,capacity,annual,"2022,2023,2024,2025,2026",20260723T013213Z-85f136d9,8,17.887216314420865,12.568965009609665,5.3182513048112
gr,37933,30346,7587,2025-06-18 17:00:00+00:00,2026-04-30 20:00:00+00:00,classification,LogReg,auc,0.7953325344182544,0.9281072914052072,0.1327747569869528,9.438121041981503,0.25,capacity,annual,"2022,2023,2024,2025,2026",20260723T013213Z-85f136d9,8,,,
gr,37933,30346,7587,2025-06-18 17:00:00+00:00,2026-04-30 20:00:00+00:00,classification,RandForest,auc,0.788488666149749,0.9417220698426104,0.1532334036928615,9.438121041981503,0.25,capacity,annual,"2022,2023,2024,2025,2026",20260723T013213Z-85f136d9,8,,,
gr,37933,30346,7587,2025-06-18 17:00:00+00:00,2026-04-30 20:00:00+00:00,regression,GradientBoosting,r2,0.2681877379901742,0.6253021062209567,0.3571143682307824,9.438121041981503,0.25,capacity,annual,"2022,2023,2024,2025,2026",20260723T013213Z-85f136d9,8,17.875284454879893,12.163928213666797,5.711356241213098
gr,37933,30346,7587,2025-06-18 17:00:00+00:00,2026-04-30 20:00:00+00:00,regression,LightGBM,r2,0.2668967792070937,0.6224320294006184,0.3555352501935246,9.438121041981503,0.25,capacity,annual,"2022,2023,2024,2025,2026",20260723T013213Z-85f136d9,8,17.887216314420865,12.174857054630406,5.712359259790459
gr,37933,30346,7587,2025-06-18 17:00:00+00:00,2026-04-30 20:00:00+00:00,classification,LogReg,auc,0.7953325344182544,0.9040070671822792,0.1086745327640248,9.716491874947678,1.0,uniform,annual,"2022,2023,2024,2025,2026",20260723T013213Z-85f136d9,8,,,
gr,37933,30346,7587,2025-06-18 17:00:00+00:00,2026-04-30 20:00:00+00:00,classification,RandForest,auc,0.788488666149749,0.9026117391574896,0.1141230730077405,9.716491874947678,1.0,uniform,annual,"2022,2023,2024,2025,2026",20260723T013213Z-85f136d9,8,,,
gr,37933,30346,7587,2025-06-18 17:00:00+00:00,2026-04-30 20:00:00+00:00,regression,GradientBoosting,r2,0.2681877379901742,0.53596489649321,0.2677771585030357,9.716491874947678,1.0,uniform,annual,"2022,2023,2024,2025,2026",20260723T013213Z-85f136d9,8,17.875284454879893,13.803280074842675,4.072004380037216
gr,37933,30346,7587,2025-06-18 17:00:00+00:00,2026-04-30 20:00:00+00:00,regression,LightGBM,r2,0.2668967792070937,0.5335691285086277,0.2666723493015339,9.716491874947678,1.0,uniform,annual,"2022,2023,2024,2025,2026",20260723T013213Z-85f136d9,8,17.887216314420865,13.847265385707798,4.039950928713067
gr,37933,30346,7587,2025-06-18 17:00:00+00:00,2026-04-30 20:00:00+00:00,classification,LogReg,auc,0.7953325344182544,0.9280085689934718,0.1326760345752174,10.06911358301295,1.0,capacity,annual,"2022,2023,2024,2025,2026",20260723T013213Z-85f136d9,8,,,
pt,37943,30354,7589,2025-06-18 18:00:00+00:00,2026-04-30 22:00:00+00:00,classification,LogReg,auc,0.7521459560523929,0.8677511470448958,0.1156051909925028,9.842608416976873,2.0,uniform,annual,"2022,2023,2024,2025,2026",20260723T013213Z-85f136d9,8,,,
gr,37933,30346,7587,2025-06-18 17:00:00+00:00,2026-04-30 20:00:00+00:00,regression,LightGBM,r2,0.2668967792070937,0.6234322547125526,0.3565354755054588,9.971640417003073,0.5,capacity,annual,"2022,2023,2024,2025,2026",20260723T013213Z-85f136d9,8,17.887216314420865,12.15345640219826,5.733759912222604
gr,37933,30346,7587,2025-06-18 17:00:00+00:00,2026-04-30 20:00:00+00:00,classification,RandForest,auc,0.788488666149749,0.9416561034152222,0.1531674372654732,9.971640417003073,0.5,capacity,annual,"2022,2023,2024,2025,2026",20260723T013213Z-85f136d9,8,,,
pt,37943,30354,7589,2025-06-18 18:00:00+00:00,2026-04-30 22:00:00+00:00,regression,GradientBoosting,r2,0.1880983856235334,0.4673877957777641,0.2792894101542307,9.842608416976873,2.0,uniform,annual,"2022,2023,2024,2025,2026",20260723T013213Z-85f136d9,8,14.090024134966306,11.403840638733344,2.686183496232962
pt,37943,30354,7589,2025-06-18 18:00:00+00:00,2026-04-30 22:00:00+00:00,regression,LightGBM,r2,0.1781927962791758,0.4506681935733548,0.272475397294179,9.842608416976873,2.0,uniform,annual,"2022,2023,2024,2025,2026",20260723T013213Z-85f136d9,8,14.180399151819149,11.570321937309169,2.61007721450998
pt,37943,30354,7589,2025-06-18 18:00:00+00:00,2026-04-30 22:00:00+00:00,classification,LogReg,auc,0.7521459560523929,0.8675273943947849,0.115381438342392,10.108692375011742,1.0,uniform,annual,"2022,2023,2024,2025,2026",20260723T013213Z-85f136d9,8,,,
pt,37943,30354,7589,2025-06-18 18:00:00+00:00,2026-04-30 22:00:00+00:00,classification,RandForest,auc,0.7258488546106153,0.8464711059882246,0.1206222513776092,10.108692375011742,1.0,uniform,annual,"2022,2023,2024,2025,2026",20260723T013213Z-85f136d9,8,,,
pt,37943,30354,7589,2025-06-18 18:00:00+00:00,2026-04-30 22:00:00+00:00,regression,GradientBoosting,r2,0.1880983856235334,0.4641410570111044,0.276042671387571,10.108692375011742,1.0,uniform,annual,"2022,2023,2024,2025,2026",20260723T013213Z-85f136d9,8,14.090024134966306,11.402388665650683,2.687635469315623
pt,37943,30354,7589,2025-06-18 18:00:00+00:00,2026-04-30 22:00:00+00:00,regression,LightGBM,r2,0.1781927962791758,0.4530669477886803,0.2748741515095044,10.108692375011742,1.0,uniform,annual,"2022,2023,2024,2025,2026",20260723T013213Z-85f136d9,8,14.180399151819149,11.54726738804795,2.633131763771198
pt,37943,30354,7589,2025-06-18 18:00:00+00:00,2026-04-30 22:00:00+00:00,classification,LogReg,auc,0.7521459560523929,0.8675569694078824,0.1154110133554895,9.963636124972254,0.5,uniform,annual,"2022,2023,2024,2025,2026",20260723T013213Z-85f136d9,8,,,
pt,37943,30354,7589,2025-06-18 18:00:00+00:00,2026-04-30 22:00:00+00:00,classification,RandForest,auc,0.7258488546106153,0.8474862273561455,0.1216373727455302,9.963636124972254,0.5,uniform,annual,"2022,2023,2024,2025,2026",20260723T013213Z-85f136d9,8,,,
pt,37943,30354,7589,2025-06-18 18:00:00+00:00,2026-04-30 22:00:00+00:00,regression,GradientBoosting,r2,0.1880983856235334,0.4712436592529969,0.2831452736294635,9.963636124972254,0.5,uniform,annual,"2022,2023,2024,2025,2026",20260723T013213Z-85f136d9,8,14.090024134966306,11.354963355722932,2.7350607792433745
pt,37943,30354,7589,2025-06-18 18:00:00+00:00,2026-04-30 22:00:00+00:00,regression,LightGBM,r2,0.1781927962791758,0.4597937594650363,0.2816009631858605,9.963636124972254,0.5,uniform,annual,"2022,2023,2024,2025,2026",20260723T013213Z-85f136d9,8,14.180399151819149,11.477987889148029,2.702411262671122
pt,37943,30354,7589,2025-06-18 18:00:00+00:00,2026-04-30 22:00:00+00:00,classification,LogReg,auc,0.7521459560523929,0.8676231898453718,0.1154772337929789,9.913449582993051,0.25,uniform,annual,"2022,2023,2024,2025,2026",20260723T013213Z-85f136d9,8,,,
pt,37943,30354,7589,2025-06-18 18:00:00+00:00,2026-04-30 22:00:00+00:00,classification,RandForest,auc,0.7258488546106153,0.8474254390639189,0.1215765844533035,9.913449582993051,0.25,uniform,annual,"2022,2023,2024,2025,2026",20260723T013213Z-85f136d9,8,,,
pt,37943,30354,7589,2025-06-18 18:00:00+00:00,2026-04-30 22:00:00+00:00,regression,GradientBoosting,r2,0.1880983856235334,0.4654187309793743,0.2773203453558409,9.913449582993051,0.25,uniform,annual,"2022,2023,2024,2025,2026",20260723T013213Z-85f136d9,8,14.090024134966306,11.418648786759537,2.6713753482067712
pt,37943,30354,7589,2025-06-18 18:00:00+00:00,2026-04-30 22:00:00+00:00,regression,LightGBM,r2,0.1781927962791758,0.4511465991719904,0.2729538028928145,9.913449582993051,0.25,uniform,annual,"2022,2023,2024,2025,2026",20260723T013213Z-85f136d9,8,14.180399151819149,11.562788737783682,2.6176104140354663
gr,37933,30346,7587,2025-06-18 17:00:00+00:00,2026-04-30 20:00:00+00:00,classification,LogReg,auc,0.7953325344182544,0.928468760858941,0.1331362264406866,9.971640417003073,0.5,capacity,annual,"2022,2023,2024,2025,2026",20260723T013213Z-85f136d9,8,,,
gr,37933,30346,7587,2025-06-18 17:00:00+00:00,2026-04-30 20:00:00+00:00,regression,GradientBoosting,r2,0.2681877379901742,0.623449924046307,0.3552621860561327,9.971640417003073,0.5,capacity,annual,"2022,2023,2024,2025,2026",20260723T013213Z-85f136d9,8,17.875284454879893,12.193337594981749,5.6819468598981455
gr,37933,30346,7587,2025-06-18 17:00:00+00:00,2026-04-30 20:00:00+00:00,classification,LogReg,auc,0.7953325344182544,0.9042897404901022,0.1089572060718478,9.683299833966885,0.5,uniform,annual,"2022,2023,2024,2025,2026",20260723T013213Z-85f136d9,8,,,
nl,37942,30353,7589,2025-06-18 17:00:00+00:00,2026-04-30 21:00:00+00:00,regression,GradientBoosting,r2,0.009739908680317,0.8384477532064722,0.8287078445261552,7.520949458004907,2.0,capacity,annual,"2022,2023,2024,2025,2026",20260723T013213Z-85f136d9,8,12.245521516628212,4.520625592099992,7.72489592452822
nl,37942,30353,7589,2025-06-18 17:00:00+00:00,2026-04-30 21:00:00+00:00,classification,LogReg,auc,0.8220071105365223,0.9509083995589184,0.1289012890223961,7.520949458004907,2.0,capacity,annual,"2022,2023,2024,2025,2026",20260723T013213Z-85f136d9,8,,,
dk,37924,30339,7585,2025-06-18 12:00:00+00:00,2026-04-30 21:00:00+00:00,regression,LightGBM,r2,-0.0396431663421719,0.6922070248348232,0.7318501911769951,9.794439708988648,0.5,uniform,annual,"2022,2023,2024,2025,2026",20260723T013213Z-85f136d9,8,28.769496025793167,14.57312398924101,14.196372036552155
dk,37924,30339,7585,2025-06-18 12:00:00+00:00,2026-04-30 21:00:00+00:00,classification,LogReg,auc,0.5802757181854625,0.9474442383304728,0.3671685201450102,9.878056082990952,1.0,uniform,annual,"2022,2023,2024,2025,2026",20260723T013213Z-85f136d9,8,,,
dk,37924,30339,7585,2025-06-18 12:00:00+00:00,2026-04-30 21:00:00+00:00,classification,RandForest,auc,0.6393063264197466,0.946820841568092,0.3075145151483454,9.878056082990952,1.0,uniform,annual,"2022,2023,2024,2025,2026",20260723T013213Z-85f136d9,8,,,
dk,37924,30339,7585,2025-06-18 12:00:00+00:00,2026-04-30 21:00:00+00:00,regression,GradientBoosting,r2,-0.0319211060451638,0.6851234706005429,0.7170445766457068,9.878056082990952,1.0,uniform,annual,"2022,2023,2024,2025,2026",20260723T013213Z-85f136d9,8,28.687436291257697,14.813427921817755,13.87400836943994
dk,37924,30339,7585,2025-06-18 12:00:00+00:00,2026-04-30 21:00:00+00:00,regression,LightGBM,r2,-0.0396431663421719,0.6774076042547204,0.7170507705968923,9.878056082990952,1.0,uniform,annual,"2022,2023,2024,2025,2026",20260723T013213Z-85f136d9,8,28.769496025793167,14.970558040636387,13.798937985156778
dk,37924,30339,7585,2025-06-18 12:00:00+00:00,2026-04-30 21:00:00+00:00,classification,LogReg,auc,0.5802757181854625,0.9405993563219528,0.3603236381364904,10.054385958996136,2.0,uniform,annual,"2022,2023,2024,2025,2026",20260723T013213Z-85f136d9,8,,,
dk,37924,30339,7585,2025-06-18 12:00:00+00:00,2026-04-30 21:00:00+00:00,classification,RandForest,auc,0.6393063264197466,0.9380017322651718,0.2986954058454252,10.054385958996136,2.0,uniform,annual,"2022,2023,2024,2025,2026",20260723T013213Z-85f136d9,8,,,
dk,37924,30339,7585,2025-06-18 12:00:00+00:00,2026-04-30 21:00:00+00:00,regression,GradientBoosting,r2,-0.0319211060451638,0.6562994184376997,0.6882205244828635,10.054385958996136,2.0,uniform,annual,"2022,2023,2024,2025,2026",20260723T013213Z-85f136d9,8,28.687436291257697,15.541080459660904,13.146355831596791
dk,37924,30339,7585,2025-06-18 12:00:00+00:00,2026-04-30 21:00:00+00:00,regression,LightGBM,r2,-0.0396431663421719,0.6467624913679939,0.6864056577101658,10.054385958996136,2.0,uniform,annual,"2022,2023,2024,2025,2026",20260723T013213Z-85f136d9,8,28.769496025793167,15.740473311039477,13.029022714753692
dk,37924,30339,7585,2025-06-18 12:00:00+00:00,2026-04-30 21:00:00+00:00,classification,LogReg,auc,0.5802757181854625,0.9521787732319228,0.3719030550464601,9.052656874991952,0.25,uniform,annual,"2022,2023,2024,2025,2026",20260723T013213Z-85f136d9,8,,,
dk,37924,30339,7585,2025-06-18 12:00:00+00:00,2026-04-30 21:00:00+00:00,classification,RandForest,auc,0.6393063264197466,0.9535745815876058,0.3142682551678591,9.052656874991952,0.25,uniform,annual,"2022,2023,2024,2025,2026",20260723T013213Z-85f136d9,8,,,
dk,37924,30339,7585,2025-06-18 12:00:00+00:00,2026-04-30 21:00:00+00:00,regression,GradientBoosting,r2,-0.0319211060451638,0.7032995972077228,0.7352207032528867,9.052656874991952,0.25,uniform,annual,"2022,2023,2024,2025,2026",20260723T013213Z-85f136d9,8,28.687436291257697,14.318149351065776,14.36928694019192
dk,37924,30339,7585,2025-06-18 12:00:00+00:00,2026-04-30 21:00:00+00:00,regression,LightGBM,r2,-0.0396431663421719,0.6976046229423217,0.7372477892844936,9.052656874991952,0.25,uniform,annual,"2022,2023,2024,2025,2026",20260723T013213Z-85f136d9,8,28.769496025793167,14.421558559314954,14.347937466478212
ie,36085,28868,7217,2025-05-18 22:00:00+00:00,2026-04-30 22:00:00+00:00,classification,LogReg,auc,0.6190012642341016,0.9763708407798984,0.3573695765457968,8.250701874960214,1.0,capacity,annual,"2022,2023,2024,2025,2026",20260723T013213Z-85f136d9,8,,,
ie,36085,28868,7217,2025-05-18 22:00:00+00:00,2026-04-30 22:00:00+00:00,classification,RandForest,auc,0.6276550292296796,0.9726424969816184,0.3449874677519386,8.250701874960214,1.0,capacity,annual,"2022,2023,2024,2025,2026",20260723T013213Z-85f136d9,8,,,
dk,37924,30339,7585,2025-06-18 12:00:00+00:00,2026-04-30 21:00:00+00:00,regression,GradientBoosting,r2,-0.0319211060451638,0.6969198494638742,0.728840955509038,9.794439708988648,0.5,uniform,annual,"2022,2023,2024,2025,2026",20260723T013213Z-85f136d9,8,28.687436291257697,14.504315918409668,14.183120372848029
ie,36085,28868,7217,2025-05-18 22:00:00+00:00,2026-04-30 22:00:00+00:00,regression,GradientBoosting,r2,0.0473014961426631,0.919304457948441,0.8720029618057779,8.250701874960214,1.0,capacity,annual,"2022,2023,2024,2025,2026",20260723T013213Z-85f136d9,8,19.065121330646637,4.708723246646432,14.356398084000205
dk,37924,30339,7585,2025-06-18 12:00:00+00:00,2026-04-30 21:00:00+00:00,classification,RandForest,auc,0.6393063264197466,0.9521173929450428,0.3128110665252961,9.794439708988648,0.5,uniform,annual,"2022,2023,2024,2025,2026",20260723T013213Z-85f136d9,8,,,
dk,37924,30339,7585,2025-06-18 12:00:00+00:00,2026-04-30 21:00:00+00:00,regression,LightGBM,r2,-0.0396431663421719,0.7992353442589109,0.8388785106010828,9.48399012500886,0.25,capacity,annual,"2022,2023,2024,2025,2026",20260723T013213Z-85f136d9,8,28.769496025793167,11.36599614614556,17.403499879647605
dk,37924,30339,7585,2025-06-18 12:00:00+00:00,2026-04-30 21:00:00+00:00,classification,LogReg,auc,0.5802757181854625,0.9694772854769288,0.3892015672914664,9.467442166991532,0.5,capacity,annual,"2022,2023,2024,2025,2026",20260723T013213Z-85f136d9,8,,,
dk,37924,30339,7585,2025-06-18 12:00:00+00:00,2026-04-30 21:00:00+00:00,classification,RandForest,auc,0.6393063264197466,0.9725104516701936,0.333204125250447,9.467442166991532,0.5,capacity,annual,"2022,2023,2024,2025,2026",20260723T013213Z-85f136d9,8,,,
dk,37924,30339,7585,2025-06-18 12:00:00+00:00,2026-04-30 21:00:00+00:00,regression,GradientBoosting,r2,-0.0319211060451638,0.7971397035643375,0.8290608096095013,9.467442166991532,0.5,capacity,annual,"2022,2023,2024,2025,2026",20260723T013213Z-85f136d9,8,28.687436291257697,11.351446280178765,17.335990011078934
dk,37924,30339,7585,2025-06-18 12:00:00+00:00,2026-04-30 21:00:00+00:00,regression,LightGBM,r2,-0.0396431663421719,0.7978757087069834,0.8375188750491553,9.467442166991532,0.5,capacity,annual,"2022,2023,2024,2025,2026",20260723T013213Z-85f136d9,8,28.769496025793167,11.342408360610426,17.42708766518274
dk,37924,30339,7585,2025-06-18 12:00:00+00:00,2026-04-30 21:00:00+00:00,classification,LogReg,auc,0.5802757181854625,0.9652632966722806,0.3849875784868181,9.590015875000972,2.0,capacity,annual,"2022,2023,2024,2025,2026",20260723T013213Z-85f136d9,8,,,
dk,37924,30339,7585,2025-06-18 12:00:00+00:00,2026-04-30 21:00:00+00:00,classification,RandForest,auc,0.6393063264197466,0.9698452061376984,0.3305388797179519,9.590015875000972,2.0,capacity,annual,"2022,2023,2024,2025,2026",20260723T013213Z-85f136d9,8,,,
dk,37924,30339,7585,2025-06-18 12:00:00+00:00,2026-04-30 21:00:00+00:00,regression,GradientBoosting,r2,-0.0319211060451638,0.7667269875853108,0.7986480936304746,9.590015875000972,2.0,capacity,annual,"2022,2023,2024,2025,2026",20260723T013213Z-85f136d9,8,28.687436291257697,12.277426467614044,16.410009823643655
dk,37924,30339,7585,2025-06-18 12:00:00+00:00,2026-04-30 21:00:00+00:00,regression,LightGBM,r2,-0.0396431663421719,0.7675798969463423,0.8072230632885142,9.590015875000972,2.0,capacity,annual,"2022,2023,2024,2025,2026",20260723T013213Z-85f136d9,8,28.769496025793167,12.295751135864744,16.473744889928426
dk,37924,30339,7585,2025-06-18 12:00:00+00:00,2026-04-30 21:00:00+00:00,classification,LogReg,auc,0.5802757181854625,0.9691158123252852,0.3888400941398228,9.563528625003528,1.0,capacity,annual,"2022,2023,2024,2025,2026",20260723T013213Z-85f136d9,8,,,
dk,37924,30339,7585,2025-06-18 12:00:00+00:00,2026-04-30 21:00:00+00:00,classification,RandForest,auc,0.6393063264197466,0.9733658040208936,0.334059477601147,9.563528625003528,1.0,capacity,annual,"2022,2023,2024,2025,2026",20260723T013213Z-85f136d9,8,,,
dk,37924,30339,7585,2025-06-18 12:00:00+00:00,2026-04-30 21:00:00+00:00,regression,GradientBoosting,r2,-0.0319211060451638,0.7906305743217035,0.8225516803668673,9.563528625003528,1.0,capacity,annual,"2022,2023,2024,2025,2026",20260723T013213Z-85f136d9,8,28.687436291257697,11.489853745501083,17.19758254575661
dk,37924,30339,7585,2025-06-18 12:00:00+00:00,2026-04-30 21:00:00+00:00,regression,LightGBM,r2,-0.0396431663421719,0.7958730329275561,0.835516199269728,9.563528625003528,1.0,capacity,annual,"2022,2023,2024,2025,2026",20260723T013213Z-85f136d9,8,28.769496025793167,11.43216761920573,17.33732840658744
dk,37924,30339,7585,2025-06-18 12:00:00+00:00,2026-04-30 21:00:00+00:00,classification,LogReg,auc,0.5802757181854625,0.9693799022990888,0.3891041841136263,9.48399012500886,0.25,capacity,annual,"2022,2023,2024,2025,2026",20260723T013213Z-85f136d9,8,,,
dk,37924,30339,7585,2025-06-18 12:00:00+00:00,2026-04-30 21:00:00+00:00,classification,RandForest,auc,0.6393063264197466,0.973276828394954,0.3339705019752073,9.48399012500886,0.25,capacity,annual,"2022,2023,2024,2025,2026",20260723T013213Z-85f136d9,8,,,
dk,37924,30339,7585,2025-06-18 12:00:00+00:00,2026-04-30 21:00:00+00:00,regression,GradientBoosting,r2,-0.0319211060451638,0.7963724934123242,0.828293599457488,9.48399012500886,0.25,capacity,annual,"2022,2023,2024,2025,2026",20260723T013213Z-85f136d9,8,28.687436291257697,11.381035991096132,17.306400300161563
dk,37924,30339,7585,2025-06-18 12:00:00+00:00,2026-04-30 21:00:00+00:00,classification,LogReg,auc,0.5802757181854625,0.950645503981672,0.3703697857962096,9.794439708988648,0.5,uniform,annual,"2022,2023,2024,2025,2026",20260723T013213Z-85f136d9,8,,,
nl,37942,30353,7589,2025-06-18 17:00:00+00:00,2026-04-30 21:00:00+00:00,classification,RandForest,auc,0.7405519221263166,0.8938189665006274,0.1532670443743108,7.520949458004907,2.0,capacity,annual,"2022,2023,2024,2025,2026",20260723T013213Z-85f136d9,8,,,
ie,36085,28868,7217,2025-05-18 22:00:00+00:00,2026-04-30 22:00:00+00:00,regression,LightGBM,r2,0.0395415301218818,0.9168949567411836,0.8773534266193016,8.250701874960214,1.0,capacity,annual,"2022,2023,2024,2025,2026",20260723T013213Z-85f136d9,8,19.12471141666266,4.76732906310094,14.35738235356172
ie,36085,28868,7217,2025-05-18 22:00:00+00:00,2026-04-30 22:00:00+00:00,classification,RandForest,auc,0.6276550292296796,0.970322700800376,0.3426676715706962,8.298145540989935,2.0,capacity,annual,"2022,2023,2024,2025,2026",20260723T013213Z-85f136d9,8,,,
ie,36085,28868,7217,2025-05-18 22:00:00+00:00,2026-04-30 22:00:00+00:00,classification,RandForest,auc,0.6276550292296796,0.9475506611081956,0.3198956318785161,8.181214375013951,1.0,uniform,annual,"2022,2023,2024,2025,2026",20260723T013213Z-85f136d9,8,,,
ie,36085,28868,7217,2025-05-18 22:00:00+00:00,2026-04-30 22:00:00+00:00,regression,GradientBoosting,r2,0.0473014961426631,0.8447290870999088,0.7974275909572457,8.181214375013951,1.0,uniform,annual,"2022,2023,2024,2025,2026",20260723T013213Z-85f136d9,8,19.065121330646637,6.721752869171997,12.34336846147464
ie,36085,28868,7217,2025-05-18 22:00:00+00:00,2026-04-30 22:00:00+00:00,regression,LightGBM,r2,0.0395415301218818,0.8404823133548913,0.8009407832330094,8.181214375013951,1.0,uniform,annual,"2022,2023,2024,2025,2026",20260723T013213Z-85f136d9,8,19.12471141666266,6.810556942599243,12.314154474063416
ie,36085,28868,7217,2025-05-18 22:00:00+00:00,2026-04-30 22:00:00+00:00,classification,LogReg,auc,0.6190012642341016,0.9456853653434716,0.3266841011093699,8.305290791962761,2.0,uniform,annual,"2022,2023,2024,2025,2026",20260723T013213Z-85f136d9,8,,,
ie,36085,28868,7217,2025-05-18 22:00:00+00:00,2026-04-30 22:00:00+00:00,classification,RandForest,auc,0.6276550292296796,0.9366287060041028,0.3089736767744232,8.305290791962761,2.0,uniform,annual,"2022,2023,2024,2025,2026",20260723T013213Z-85f136d9,8,,,
ie,36085,28868,7217,2025-05-18 22:00:00+00:00,2026-04-30 22:00:00+00:00,regression,GradientBoosting,r2,0.0473014961426631,0.8082459223298678,0.7609444261872047,8.305290791962761,2.0,uniform,annual,"2022,2023,2024,2025,2026",20260723T013213Z-85f136d9,8,19.065121330646637,7.552329004046413,11.512792326600223
ie,36085,28868,7217,2025-05-18 22:00:00+00:00,2026-04-30 22:00:00+00:00,regression,LightGBM,r2,0.0395415301218818,0.803563802512096,0.7640222723902141,8.305290791962761,2.0,uniform,annual,"2022,2023,2024,2025,2026",20260723T013213Z-85f136d9,8,19.12471141666266,7.653897965779285,11.470813450883377
nl,37942,30353,7589,2025-06-18 17:00:00+00:00,2026-04-30 21:00:00+00:00,classification,LogReg,auc,0.8220071105365223,0.949825468648998,0.1278183581124756,7.382260792015586,0.25,capacity,annual,"2022,2023,2024,2025,2026",20260723T013213Z-85f136d9,8,,,
nl,37942,30353,7589,2025-06-18 17:00:00+00:00,2026-04-30 21:00:00+00:00,classification,RandForest,auc,0.7405519221263166,0.9170920947564546,0.176540172630138,7.382260792015586,0.25,capacity,annual,"2022,2023,2024,2025,2026",20260723T013213Z-85f136d9,8,,,
nl,37942,30353,7589,2025-06-18 17:00:00+00:00,2026-04-30 21:00:00+00:00,regression,GradientBoosting,r2,0.009739908680317,0.8519342129297688,0.8421943042494517,7.382260792015586,0.25,capacity,annual,"2022,2023,2024,2025,2026",20260723T013213Z-85f136d9,8,12.245521516628212,4.356189886728602,7.88933162989961
nl,37942,30353,7589,2025-06-18 17:00:00+00:00,2026-04-30 21:00:00+00:00,regression,LightGBM,r2,0.0113241157328115,0.8539075311463612,0.8425834154135496,7.382260792015586,0.25,capacity,annual,"2022,2023,2024,2025,2026",20260723T013213Z-85f136d9,8,12.237823805520224,4.325977190308705,7.91184661521152
nl,37942,30353,7589,2025-06-18 17:00:00+00:00,2026-04-30 21:00:00+00:00,classification,LogReg,auc,0.8220071105365223,0.9499007566827636,0.1278936461462412,7.440081208012998,0.5,capacity,annual,"2022,2023,2024,2025,2026",20260723T013213Z-85f136d9,8,,,
nl,37942,30353,7589,2025-06-18 17:00:00+00:00,2026-04-30 21:00:00+00:00,classification,RandForest,auc,0.7405519221263166,0.914887258070649,0.1743353359443323,7.440081208012998,0.5,capacity,annual,"2022,2023,2024,2025,2026",20260723T013213Z-85f136d9,8,,,
nl,37942,30353,7589,2025-06-18 17:00:00+00:00,2026-04-30 21:00:00+00:00,regression,GradientBoosting,r2,0.009739908680317,0.8549992546950765,0.8452593460147595,7.440081208012998,0.5,capacity,annual,"2022,2023,2024,2025,2026",20260723T013213Z-85f136d9,8,12.245521516628212,4.3116884646874025,7.93383305194081
nl,37942,30353,7589,2025-06-18 17:00:00+00:00,2026-04-30 21:00:00+00:00,regression,LightGBM,r2,0.0113241157328115,0.8547417990196907,0.8434176832868792,7.440081208012998,0.5,capacity,annual,"2022,2023,2024,2025,2026",20260723T013213Z-85f136d9,8,12.237823805520224,4.311954728877577,7.925869076642648
ie,36085,28868,7217,2025-05-18 22:00:00+00:00,2026-04-30 22:00:00+00:00,classification,LogReg,auc,0.6190012642341016,0.9545409674234944,0.3355397031893927,8.181214375013951,1.0,uniform,annual,"2022,2023,2024,2025,2026",20260723T013213Z-85f136d9,8,,,
ie,36085,28868,7217,2025-05-18 22:00:00+00:00,2026-04-30 22:00:00+00:00,classification,LogReg,auc,0.6190012642341016,0.974003658755876,0.3550023945217745,8.298145540989935,2.0,capacity,annual,"2022,2023,2024,2025,2026",20260723T013213Z-85f136d9,8,,,
ie,36085,28868,7217,2025-05-18 22:00:00+00:00,2026-04-30 22:00:00+00:00,regression,LightGBM,r2,0.0395415301218818,0.8782815020139773,0.8387399718920954,8.14997308299644,0.25,uniform,annual,"2022,2023,2024,2025,2026",20260723T013213Z-85f136d9,8,19.12471141666266,5.908810842195454,13.215900574467206
ie,36085,28868,7217,2025-05-18 22:00:00+00:00,2026-04-30 22:00:00+00:00,classification,RandForest,auc,0.6276550292296796,0.9604778217741848,0.3328227925445051,8.14997308299644,0.25,uniform,annual,"2022,2023,2024,2025,2026",20260723T013213Z-85f136d9,8,,,
ie,36085,28868,7217,2025-05-18 22:00:00+00:00,2026-04-30 22:00:00+00:00,regression,GradientBoosting,r2,0.0473014961426631,0.9108486603586264,0.8635471642159633,8.298145540989935,2.0,capacity,annual,"2022,2023,2024,2025,2026",20260723T013213Z-85f136d9,8,19.065121330646637,5.041511311237583,14.023610019409054
ie,36085,28868,7217,2025-05-18 22:00:00+00:00,2026-04-30 22:00:00+00:00,regression,LightGBM,r2,0.0395415301218818,0.910399502756705,0.8708579726348231,8.298145540989935,2.0,capacity,annual,"2022,2023,2024,2025,2026",20260723T013213Z-85f136d9,8,19.12471141666266,5.068201946170024,14.056509470492635
ie,36085,28868,7217,2025-05-18 22:00:00+00:00,2026-04-30 22:00:00+00:00,classification,LogReg,auc,0.6190012642341016,0.9766472658414586,0.3576460016073569,8.334649084019475,0.5,capacity,annual,"2022,2023,2024,2025,2026",20260723T013213Z-85f136d9,8,,,
ie,36085,28868,7217,2025-05-18 22:00:00+00:00,2026-04-30 22:00:00+00:00,classification,RandForest,auc,0.6276550292296796,0.9727279107659902,0.3450728815363105,8.334649084019475,0.5,capacity,annual,"2022,2023,2024,2025,2026",20260723T013213Z-85f136d9,8,,,
ie,36085,28868,7217,2025-05-18 22:00:00+00:00,2026-04-30 22:00:00+00:00,regression,GradientBoosting,r2,0.0473014961426631,0.9196682296802404,0.8723667335375772,8.334649084019475,0.5,capacity,annual,"2022,2023,2024,2025,2026",20260723T013213Z-85f136d9,8,19.065121330646637,4.6667413152145825,14.398380015432052
ie,36085,28868,7217,2025-05-18 22:00:00+00:00,2026-04-30 22:00:00+00:00,regression,LightGBM,r2,0.0395415301218818,0.918517941518024,0.878976411396142,8.334649084019475,0.5,capacity,annual,"2022,2023,2024,2025,2026",20260723T013213Z-85f136d9,8,19.12471141666266,4.728485209169358,14.3962262074933
ie,36085,28868,7217,2025-05-18 22:00:00+00:00,2026-04-30 22:00:00+00:00,classification,LogReg,auc,0.6190012642341016,0.9774998440349802,0.3584985798008786,8.326414999959525,0.25,capacity,annual,"2022,2023,2024,2025,2026",20260723T013213Z-85f136d9,8,,,
ie,36085,28868,7217,2025-05-18 22:00:00+00:00,2026-04-30 22:00:00+00:00,classification,RandForest,auc,0.6276550292296796,0.9736873249980734,0.3460322957683938,8.326414999959525,0.25,capacity,annual,"2022,2023,2024,2025,2026",20260723T013213Z-85f136d9,8,,,
ie,36085,28868,7217,2025-05-18 22:00:00+00:00,2026-04-30 22:00:00+00:00,regression,GradientBoosting,r2,0.0473014961426631,0.922814148496052,0.875512652353389,8.326414999959525,0.25,capacity,annual,"2022,2023,2024,2025,2026",20260723T013213Z-85f136d9,8,19.065121330646637,4.580118338129207,14.48500299251743
ie,36085,28868,7217,2025-05-18 22:00:00+00:00,2026-04-30 22:00:00+00:00,regression,LightGBM,r2,0.0395415301218818,0.9208556326211808,0.8813141024992989,8.326414999959525,0.25,capacity,annual,"2022,2023,2024,2025,2026",20260723T013213Z-85f136d9,8,19.12471141666266,4.632410805383967,14.492300611278694
ie,36085,28868,7217,2025-05-18 22:00:00+00:00,2026-04-30 22:00:00+00:00,classification,LogReg,auc,0.6190012642341016,0.9630598685490116,0.3440586043149098,8.008194208960049,0.5,uniform,annual,"2022,2023,2024,2025,2026",20260723T013213Z-85f136d9,8,,,
ie,36085,28868,7217,2025-05-18 22:00:00+00:00,2026-04-30 22:00:00+00:00,classification,RandForest,auc,0.6276550292296796,0.9585843605617675,0.330929331332088,8.008194208960049,0.5,uniform,annual,"2022,2023,2024,2025,2026",20260723T013213Z-85f136d9,8,,,
ie,36085,28868,7217,2025-05-18 22:00:00+00:00,2026-04-30 22:00:00+00:00,regression,GradientBoosting,r2,0.0473014961426631,0.8753331566602638,0.8280316605176007,8.008194208960049,0.5,uniform,annual,"2022,2023,2024,2025,2026",20260723T013213Z-85f136d9,8,19.065121330646637,5.985762554566173,13.079358776080465
ie,36085,28868,7217,2025-05-18 22:00:00+00:00,2026-04-30 22:00:00+00:00,regression,LightGBM,r2,0.0395415301218818,0.8721965132869185,0.8326549831650366,8.008194208960049,0.5,uniform,annual,"2022,2023,2024,2025,2026",20260723T013213Z-85f136d9,8,19.12471141666266,6.039530218354967,13.085181198307692
ie,36085,28868,7217,2025-05-18 22:00:00+00:00,2026-04-30 22:00:00+00:00,classification,LogReg,auc,0.6190012642341016,0.964882916142196,0.3458816519080945,8.14997308299644,0.25,uniform,annual,"2022,2023,2024,2025,2026",20260723T013213Z-85f136d9,8,,,
ie,36085,28868,7217,2025-05-18 22:00:00+00:00,2026-04-30 22:00:00+00:00,regression,GradientBoosting,r2,0.0473014961426631,0.8814533767486111,0.834151880605948,8.14997308299644,0.25,uniform,annual,"2022,2023,2024,2025,2026",20260723T013213Z-85f136d9,8,19.065121330646637,5.84990213138182,13.215219199264816
gr,37933,30346,7587,2025-06-18 17:00:00+00:00,2026-04-30 20:00:00+00:00,classification,RandForest,auc,0.788488666149749,0.903475909843785,0.114987243694036,9.683299833966885,0.5,uniform,annual,"2022,2023,2024,2025,2026",20260723T013213Z-85f136d9,8,,,
gr,37933,30346,7587,2025-06-18 17:00:00+00:00,2026-04-30 20:00:00+00:00,regression,GradientBoosting,r2,0.2681877379901742,0.6191361671767042,0.3509484291865299,10.06911358301295,1.0,capacity,annual,"2022,2023,2024,2025,2026",20260723T013213Z-85f136d9,8,17.875284454879893,12.24830783014988,5.626976624730013
gr,37933,30346,7587,2025-06-18 17:00:00+00:00,2026-04-30 20:00:00+00:00,regression,LightGBM,r2,0.2668967792070937,0.5358921524341964,0.2689953732271026,9.683299833966885,0.5,uniform,annual,"2022,2023,2024,2025,2026",20260723T013213Z-85f136d9,8,17.887216314420865,13.7977993794883,4.089416934932565
hr,37941,30352,7589,2025-06-18 17:00:00+00:00,2026-04-30 21:00:00+00:00,classification,RandForest,auc,0.6286851369828342,0.7560569968507711,0.1273718598679368,10.329086165991612,2.0,uniform,annual,"2022,2023,2024,2025,2026",20260723T013213Z-85f136d9,8,,,
hr,37941,30352,7589,2025-06-18 17:00:00+00:00,2026-04-30 21:00:00+00:00,regression,GradientBoosting,r2,0.0238024617526498,0.3049001765387649,0.281097714786115,10.329086165991612,2.0,uniform,annual,"2022,2023,2024,2025,2026",20260723T013213Z-85f136d9,8,14.706392686602184,11.820826298685503,2.885566387916681
hr,37941,30352,7589,2025-06-18 17:00:00+00:00,2026-04-30 21:00:00+00:00,regression,LightGBM,r2,0.0165099138853365,0.2894859771976135,0.272976063312277,10.329086165991612,2.0,uniform,annual,"2022,2023,2024,2025,2026",20260723T013213Z-85f136d9,8,14.718715959907202,11.87194037125599,2.8467755886512123
hr,37941,30352,7589,2025-06-18 17:00:00+00:00,2026-04-30 21:00:00+00:00,classification,LogReg,auc,0.7011282692057182,0.8440325414245105,0.1429042722187922,10.277741542027798,0.5,uniform,annual,"2022,2023,2024,2025,2026",20260723T013213Z-85f136d9,8,,,
hr,37941,30352,7589,2025-06-18 17:00:00+00:00,2026-04-30 21:00:00+00:00,classification,RandForest,auc,0.6286851369828342,0.7737020175172792,0.1450168805344449,10.277741542027798,0.5,uniform,annual,"2022,2023,2024,2025,2026",20260723T013213Z-85f136d9,8,,,
hr,37941,30352,7589,2025-06-18 17:00:00+00:00,2026-04-30 21:00:00+00:00,regression,GradientBoosting,r2,0.0238024617526498,0.3498936316421267,0.3260911698894768,10.277741542027798,0.5,uniform,annual,"2022,2023,2024,2025,2026",20260723T013213Z-85f136d9,8,14.706392686602184,11.488353794757352,3.2180388918448326
hr,37941,30352,7589,2025-06-18 17:00:00+00:00,2026-04-30 21:00:00+00:00,regression,LightGBM,r2,0.0165099138853365,0.3277724509172436,0.3112625370319071,10.277741542027798,0.5,uniform,annual,"2022,2023,2024,2025,2026",20260723T013213Z-85f136d9,8,14.718715959907202,11.625854676503495,3.092861283403705
bg,37940,30352,7588,2025-06-18 17:00:00+00:00,2026-04-30 20:00:00+00:00,classification,LogReg,auc,0.9298391817529084,0.9378703705258232,0.0080311887729148,8.602129874983802,0.5,capacity,annual,"2022,2023,2024,2025,2026",20260723T013213Z-85f136d9,8,,,
bg,37940,30352,7588,2025-06-18 17:00:00+00:00,2026-04-30 20:00:00+00:00,classification,RandForest,auc,0.8976928808831867,0.927640602990778,0.0299477221075912,8.602129874983802,0.5,capacity,annual,"2022,2023,2024,2025,2026",20260723T013213Z-85f136d9,8,,,
bg,37940,30352,7588,2025-06-18 17:00:00+00:00,2026-04-30 20:00:00+00:00,regression,GradientBoosting,r2,0.4995894519342803,0.5331552271263688,0.0335657751920884,8.602129874983802,0.5,capacity,annual,"2022,2023,2024,2025,2026",20260723T013213Z-85f136d9,8,10.043358915306442,9.66758294587926,0.3757759694271829
bg,37940,30352,7588,2025-06-18 17:00:00+00:00,2026-04-30 20:00:00+00:00,regression,LightGBM,r2,0.4997943292328032,0.5305812402981163,0.030786911065313,8.602129874983802,0.5,capacity,annual,"2022,2023,2024,2025,2026",20260723T013213Z-85f136d9,8,10.03785917368944,9.71951002502158,0.3183491486678615
bg,37940,30352,7588,2025-06-18 17:00:00+00:00,2026-04-30 20:00:00+00:00,classification,LogReg,auc,0.9298391817529084,0.9365819609791968,0.0067427792262884,8.745522167009767,2.0,capacity,annual,"2022,2023,2024,2025,2026",20260723T013213Z-85f136d9,8,,,
bg,37940,30352,7588,2025-06-18 17:00:00+00:00,2026-04-30 20:00:00+00:00,classification,RandForest,auc,0.8976928808831867,0.9245794236140608,0.026886542730874,8.745522167009767,2.0,capacity,annual,"2022,2023,2024,2025,2026",20260723T013213Z-85f136d9,8,,,
bg,37940,30352,7588,2025-06-18 17:00:00+00:00,2026-04-30 20:00:00+00:00,regression,GradientBoosting,r2,0.4995894519342803,0.5298224873814799,0.0302330354471995,8.745522167009767,2.0,capacity,annual,"2022,2023,2024,2025,2026",20260723T013213Z-85f136d9,8,10.043358915306442,9.694142364308478,0.3492165509979639
bg,37940,30352,7588,2025-06-18 17:00:00+00:00,2026-04-30 20:00:00+00:00,regression,LightGBM,r2,0.4997943292328032,0.5284470537394617,0.0286527245066584,8.745522167009767,2.0,capacity,annual,"2022,2023,2024,2025,2026",20260723T013213Z-85f136d9,8,10.03785917368944,9.719386500666529,0.3184726730229119
hr,37941,30352,7589,2025-06-18 17:00:00+00:00,2026-04-30 21:00:00+00:00,classification,LogReg,auc,0.7011282692057182,0.831199703516202,0.1300714343104837,10.329086165991612,2.0,uniform,annual,"2022,2023,2024,2025,2026",20260723T013213Z-85f136d9,8,,,
bg,37940,30352,7588,2025-06-18 17:00:00+00:00,2026-04-30 20:00:00+00:00,classification,LogReg,auc,0.9298391817529084,0.9377629214508088,0.0079237396979003,8.682679291989189,0.25,capacity,annual,"2022,2023,2024,2025,2026",20260723T013213Z-85f136d9,8,,,
hr,37941,30352,7589,2025-06-18 17:00:00+00:00,2026-04-30 21:00:00+00:00,regression,LightGBM,r2,0.0165099138853365,0.3368846442134763,0.3203747303281398,10.103316832974087,0.25,uniform,annual,"2022,2023,2024,2025,2026",20260723T013213Z-85f136d9,8,14.718715959907202,11.579896837948684,3.1388191219585195
hr,37941,30352,7589,2025-06-18 17:00:00+00:00,2026-04-30 21:00:00+00:00,classification,RandForest,auc,0.6286851369828342,0.7769614953866509,0.1482763584038167,10.103316832974087,0.25,uniform,annual,"2022,2023,2024,2025,2026",20260723T013213Z-85f136d9,8,,,
hr,37941,30352,7589,2025-06-18 17:00:00+00:00,2026-04-30 21:00:00+00:00,regression,GradientBoosting,r2,0.0238024617526498,0.3896672157732773,0.3658647540206274,10.61534187500365,1.0,capacity,annual,"2022,2023,2024,2025,2026",20260723T013213Z-85f136d9,8,14.706392686602184,11.101265790885494,3.6051268957166904
hr,37941,30352,7589,2025-06-18 17:00:00+00:00,2026-04-30 21:00:00+00:00,regression,LightGBM,r2,0.0165099138853365,0.3673168576252024,0.3508069437398659,10.61534187500365,1.0,capacity,annual,"2022,2023,2024,2025,2026",20260723T013213Z-85f136d9,8,14.718715959907202,11.252153963652002,3.4665619962551997
hr,37941,30352,7589,2025-06-18 17:00:00+00:00,2026-04-30 21:00:00+00:00,classification,LogReg,auc,0.7011282692057182,0.8683430490296199,0.1672147798239016,10.572843708039729,0.5,capacity,annual,"2022,2023,2024,2025,2026",20260723T013213Z-85f136d9,8,,,
hr,37941,30352,7589,2025-06-18 17:00:00+00:00,2026-04-30 21:00:00+00:00,classification,RandForest,auc,0.6286851369828342,0.8164741242026494,0.1877889872198151,10.572843708039729,0.5,capacity,annual,"2022,2023,2024,2025,2026",20260723T013213Z-85f136d9,8,,,
hr,37941,30352,7589,2025-06-18 17:00:00+00:00,2026-04-30 21:00:00+00:00,regression,GradientBoosting,r2,0.0238024617526498,0.4487552465617477,0.4249527848090978,10.572843708039729,0.5,capacity,annual,"2022,2023,2024,2025,2026",20260723T013213Z-85f136d9,8,14.706392686602184,10.505441465068238,4.200951221533947
hr,37941,30352,7589,2025-06-18 17:00:00+00:00,2026-04-30 21:00:00+00:00,regression,LightGBM,r2,0.0165099138853365,0.4278765916639608,0.4113666777786243,10.572843708039729,0.5,capacity,annual,"2022,2023,2024,2025,2026",20260723T013213Z-85f136d9,8,14.718715959907202,10.666553026397857,4.052162933509347
hr,37941,30352,7589,2025-06-18 17:00:00+00:00,2026-04-30 21:00:00+00:00,classification,LogReg,auc,0.7011282692057182,0.8732917371687398,0.1721634679630215,10.674397499999031,0.25,capacity,annual,"2022,2023,2024,2025,2026",20260723T013213Z-85f136d9,8,,,
hr,37941,30352,7589,2025-06-18 17:00:00+00:00,2026-04-30 21:00:00+00:00,classification,RandForest,auc,0.6286851369828342,0.8205702671789602,0.1918851301961259,10.674397499999031,0.25,capacity,annual,"2022,2023,2024,2025,2026",20260723T013213Z-85f136d9,8,,,
hr,37941,30352,7589,2025-06-18 17:00:00+00:00,2026-04-30 21:00:00+00:00,regression,GradientBoosting,r2,0.0238024617526498,0.462406248996033,0.4386037872433831,10.674397499999031,0.25,capacity,annual,"2022,2023,2024,2025,2026",20260723T013213Z-85f136d9,8,14.706392686602184,10.405540050657216,4.300852635944967
hr,37941,30352,7589,2025-06-18 17:00:00+00:00,2026-04-30 21:00:00+00:00,regression,LightGBM,r2,0.0165099138853365,0.446403222255235,0.4298933083698985,10.674397499999031,0.25,capacity,annual,"2022,2023,2024,2025,2026",20260723T013213Z-85f136d9,8,14.718715959907202,10.513818872308695,4.204897087598505
hr,37941,30352,7589,2025-06-18 17:00:00+00:00,2026-04-30 21:00:00+00:00,classification,LogReg,auc,0.7011282692057182,0.844100268285306,0.1429719990795878,10.457785125006922,1.0,uniform,annual,"2022,2023,2024,2025,2026",20260723T013213Z-85f136d9,8,,,
hr,37941,30352,7589,2025-06-18 17:00:00+00:00,2026-04-30 21:00:00+00:00,classification,RandForest,auc,0.6286851369828342,0.7729654703784725,0.1442803333956382,10.457785125006922,1.0,uniform,annual,"2022,2023,2024,2025,2026",20260723T013213Z-85f136d9,8,,,
hr,37941,30352,7589,2025-06-18 17:00:00+00:00,2026-04-30 21:00:00+00:00,regression,GradientBoosting,r2,0.0238024617526498,0.3477081244547683,0.3239056627021184,10.457785125006922,1.0,uniform,annual,"2022,2023,2024,2025,2026",20260723T013213Z-85f136d9,8,14.706392686602184,11.494319729334205,3.212072957267982
gr,37933,30346,7587,2025-06-18 17:00:00+00:00,2026-04-30 20:00:00+00:00,regression,GradientBoosting,r2,0.2681877379901742,0.5392103760675495,0.2710226380773752,9.683299833966885,0.5,uniform,annual,"2022,2023,2024,2025,2026",20260723T013213Z-85f136d9,8,17.875284454879893,13.755052607741977,4.120231847137918
hr,37941,30352,7589,2025-06-18 17:00:00+00:00,2026-04-30 21:00:00+00:00,classification,LogReg,auc,0.7011282692057182,0.8467159553686998,0.1455876861629815,10.103316832974087,0.25,uniform,annual,"2022,2023,2024,2025,2026",20260723T013213Z-85f136d9,8,,,
hr,37941,30352,7589,2025-06-18 17:00:00+00:00,2026-04-30 21:00:00+00:00,regression,GradientBoosting,r2,0.0238024617526498,0.3639032709448838,0.3401008091922339,10.103316832974087,0.25,uniform,annual,"2022,2023,2024,2025,2026",20260723T013213Z-85f136d9,8,14.706392686602184,11.385205844832472,3.321186841769711
hr,37941,30352,7589,2025-06-18 17:00:00+00:00,2026-04-30 21:00:00+00:00,classification,RandForest,auc,0.6286851369828342,0.7967876925570705,0.1681025555742362,10.61534187500365,1.0,capacity,annual,"2022,2023,2024,2025,2026",20260723T013213Z-85f136d9,8,,,
bg,37940,30352,7588,2025-06-18 17:00:00+00:00,2026-04-30 20:00:00+00:00,classification,RandForest,auc,0.8976928808831867,0.927965048830568,0.0302721679473811,8.682679291989189,0.25,capacity,annual,"2022,2023,2024,2025,2026",20260723T013213Z-85f136d9,8,,,
bg,37940,30352,7588,2025-06-18 17:00:00+00:00,2026-04-30 20:00:00+00:00,regression,LightGBM,r2,0.4997943292328032,0.5326992366248436,0.0329049073920404,8.682679291989189,0.25,capacity,annual,"2022,2023,2024,2025,2026",20260723T013213Z-85f136d9,8,10.03785917368944,9.676456898149397,0.3614022755400441
bg,37940,30352,7588,2025-06-18 17:00:00+00:00,2026-04-30 20:00:00+00:00,regression,LightGBM,r2,0.4997943292328032,0.5326074897281222,0.032813160495319,8.18653229199117,0.25,uniform,annual,"2022,2023,2024,2025,2026",20260723T013213Z-85f136d9,8,10.03785917368944,9.72213693834665,0.3157222353427915
lv,37941,30352,7589,2025-06-18 16:00:00+00:00,2026-04-30 20:00:00+00:00,classification,LogReg,auc,0.6047247653192754,0.6035530353472282,-0.0011717299720472,10.440506166021803,2.0,capacity,annual,"2022,2023,2024,2025,2026",20260723T013213Z-85f136d9,8,,,
lv,37941,30352,7589,2025-06-18 16:00:00+00:00,2026-04-30 20:00:00+00:00,classification,RandForest,auc,0.60216233604846,0.6224435679782605,0.0202812319298004,10.440506166021803,2.0,capacity,annual,"2022,2023,2024,2025,2026",20260723T013213Z-85f136d9,8,,,
lv,37941,30352,7589,2025-06-18 16:00:00+00:00,2026-04-30 20:00:00+00:00,regression,GradientBoosting,r2,0.1064500428780012,0.1005653949227229,-0.0058846479552782,10.440506166021803,2.0,capacity,annual,"2022,2023,2024,2025,2026",20260723T013213Z-85f136d9,8,28.93154042520603,28.06943027794782,0.862110147258214
lv,37941,30352,7589,2025-06-18 16:00:00+00:00,2026-04-30 20:00:00+00:00,regression,LightGBM,r2,0.0945632178997945,0.0832317297095489,-0.0113314881902455,10.440506166021803,2.0,capacity,annual,"2022,2023,2024,2025,2026",20260723T013213Z-85f136d9,8,29.10992510288042,28.110016118994704,0.9999089838857174
lv,37941,30352,7589,2025-06-18 16:00:00+00:00,2026-04-30 20:00:00+00:00,classification,LogReg,auc,0.6047247653192754,0.6106781159265458,0.0059533506072703,10.30859450000571,0.25,capacity,annual,"2022,2023,2024,2025,2026",20260723T013213Z-85f136d9,8,,,
lv,37941,30352,7589,2025-06-18 16:00:00+00:00,2026-04-30 20:00:00+00:00,classification,RandForest,auc,0.60216233604846,0.6219672399571881,0.019804903908728,10.30859450000571,0.25,capacity,annual,"2022,2023,2024,2025,2026",20260723T013213Z-85f136d9,8,,,
lv,37941,30352,7589,2025-06-18 16:00:00+00:00,2026-04-30 20:00:00+00:00,regression,GradientBoosting,r2,0.1064500428780012,0.0944485422338653,-0.0120015006441358,10.30859450000571,0.25,capacity,annual,"2022,2023,2024,2025,2026",20260723T013213Z-85f136d9,8,28.93154042520603,28.153220717025658,0.7783197081803799
lv,37941,30352,7589,2025-06-18 16:00:00+00:00,2026-04-30 20:00:00+00:00,regression,LightGBM,r2,0.0945632178997945,0.0683006561564903,-0.0262625617433041,10.30859450000571,0.25,capacity,annual,"2022,2023,2024,2025,2026",20260723T013213Z-85f136d9,8,29.10992510288042,28.20209834653456,0.9078267563458589
lv,37941,30352,7589,2025-06-18 16:00:00+00:00,2026-04-30 20:00:00+00:00,classification,LogReg,auc,0.6047247653192754,0.6117279831920819,0.0070032178728064,10.39709037495777,1.0,uniform,annual,"2022,2023,2024,2025,2026",20260723T013213Z-85f136d9,8,,,
lv,37941,30352,7589,2025-06-18 16:00:00+00:00,2026-04-30 20:00:00+00:00,classification,RandForest,auc,0.60216233604846,0.6319538800388399,0.0297915439903798,10.39709037495777,1.0,uniform,annual,"2022,2023,2024,2025,2026",20260723T013213Z-85f136d9,8,,,
lv,37941,30352,7589,2025-06-18 16:00:00+00:00,2026-04-30 20:00:00+00:00,regression,GradientBoosting,r2,0.1064500428780012,0.0945186614452656,-0.0119313814327355,10.39709037495777,1.0,uniform,annual,"2022,2023,2024,2025,2026",20260723T013213Z-85f136d9,8,28.93154042520603,28.24361176877204,0.6879286564339964
lv,37941,30352,7589,2025-06-18 16:00:00+00:00,2026-04-30 20:00:00+00:00,regression,LightGBM,r2,0.0945632178997945,0.1012512542129123,0.0066880363131178,10.39709037495777,1.0,uniform,annual,"2022,2023,2024,2025,2026",20260723T013213Z-85f136d9,8,29.10992510288042,27.878168031295832,1.231757071584589
lv,37941,30352,7589,2025-06-18 16:00:00+00:00,2026-04-30 20:00:00+00:00,classification,LogReg,auc,0.6047247653192754,0.6117603404429094,0.0070355751236339,9.81535533297574,0.5,uniform,annual,"2022,2023,2024,2025,2026",20260723T013213Z-85f136d9,8,,,
lv,37941,30352,7589,2025-06-18 16:00:00+00:00,2026-04-30 20:00:00+00:00,classification,RandForest,auc,0.60216233604846,0.6313654871425953,0.0292031510941352,9.81535533297574,0.5,uniform,annual,"2022,2023,2024,2025,2026",20260723T013213Z-85f136d9,8,,,
bg,37940,30352,7588,2025-06-18 17:00:00+00:00,2026-04-30 20:00:00+00:00,regression,GradientBoosting,r2,0.4995894519342803,0.5338886259914284,0.0342991740571481,8.18653229199117,0.25,uniform,annual,"2022,2023,2024,2025,2026",20260723T013213Z-85f136d9,8,10.043358915306442,9.714551864682251,0.3288070506241904
bg,37940,30352,7588,2025-06-18 17:00:00+00:00,2026-04-30 20:00:00+00:00,regression,GradientBoosting,r2,0.4995894519342803,0.5342083111041085,0.0346188591698282,8.682679291989189,0.25,capacity,annual,"2022,2023,2024,2025,2026",20260723T013213Z-85f136d9,8,10.043358915306442,9.658398743642808,0.3849601716636339
bg,37940,30352,7588,2025-06-18 17:00:00+00:00,2026-04-30 20:00:00+00:00,classification,RandForest,auc,0.8976928808831867,0.9233959448047532,0.0257030639215666,8.18653229199117,0.25,uniform,annual,"2022,2023,2024,2025,2026",20260723T013213Z-85f136d9,8,,,
bg,37940,30352,7588,2025-06-18 17:00:00+00:00,2026-04-30 20:00:00+00:00,regression,LightGBM,r2,0.4997943292328032,0.5322938540944109,0.0324995248616076,8.165118458040524,0.5,uniform,annual,"2022,2023,2024,2025,2026",20260723T013213Z-85f136d9,8,10.03785917368944,9.725528754251442,0.3123304194379983
bg,37940,30352,7588,2025-06-18 17:00:00+00:00,2026-04-30 20:00:00+00:00,classification,LogReg,auc,0.9298391817529084,0.93780279513099,0.0079636133780816,8.813952041964512,1.0,capacity,annual,"2022,2023,2024,2025,2026",20260723T013213Z-85f136d9,8,,,
bg,37940,30352,7588,2025-06-18 17:00:00+00:00,2026-04-30 20:00:00+00:00,classification,RandForest,auc,0.8976928808831867,0.9240747767213816,0.026381895838195,8.813952041964512,1.0,capacity,annual,"2022,2023,2024,2025,2026",20260723T013213Z-85f136d9,8,,,
bg,37940,30352,7588,2025-06-18 17:00:00+00:00,2026-04-30 20:00:00+00:00,regression,GradientBoosting,r2,0.4995894519342803,0.5377873675195847,0.0381979155853043,8.813952041964512,1.0,capacity,annual,"2022,2023,2024,2025,2026",20260723T013213Z-85f136d9,8,10.043358915306442,9.653115042549487,0.3902438727569546
bg,37940,30352,7588,2025-06-18 17:00:00+00:00,2026-04-30 20:00:00+00:00,regression,LightGBM,r2,0.4997943292328032,0.5319142987737986,0.0321199695409953,8.813952041964512,1.0,capacity,annual,"2022,2023,2024,2025,2026",20260723T013213Z-85f136d9,8,10.03785917368944,9.707725603197003,0.3301335704924355
bg,37940,30352,7588,2025-06-18 17:00:00+00:00,2026-04-30 20:00:00+00:00,classification,LogReg,auc,0.9298391817529084,0.9363624458767258,0.0065232641238173,8.72730974998558,2.0,uniform,annual,"2022,2023,2024,2025,2026",20260723T013213Z-85f136d9,8,,,
bg,37940,30352,7588,2025-06-18 17:00:00+00:00,2026-04-30 20:00:00+00:00,classification,RandForest,auc,0.8976928808831867,0.9256957467514844,0.0280028658682977,8.72730974998558,2.0,uniform,annual,"2022,2023,2024,2025,2026",20260723T013213Z-85f136d9,8,,,
bg,37940,30352,7588,2025-06-18 17:00:00+00:00,2026-04-30 20:00:00+00:00,regression,GradientBoosting,r2,0.4995894519342803,0.5293237038158812,0.0297342518816009,8.72730974998558,2.0,uniform,annual,"2022,2023,2024,2025,2026",20260723T013213Z-85f136d9,8,10.043358915306442,9.733502619296685,0.309856296009757
bg,37940,30352,7588,2025-06-18 17:00:00+00:00,2026-04-30 20:00:00+00:00,regression,LightGBM,r2,0.4997943292328032,0.5258053856629771,0.0260110564301738,8.72730974998558,2.0,uniform,annual,"2022,2023,2024,2025,2026",20260723T013213Z-85f136d9,8,10.03785917368944,9.76691070316962,0.270948470519821
bg,37940,30352,7588,2025-06-18 17:00:00+00:00,2026-04-30 20:00:00+00:00,classification,LogReg,auc,0.9298391817529084,0.9367339006868344,0.006894718933926,8.565808165993076,1.0,uniform,annual,"2022,2023,2024,2025,2026",20260723T013213Z-85f136d9,8,,,
bg,37940,30352,7588,2025-06-18 17:00:00+00:00,2026-04-30 20:00:00+00:00,classification,RandForest,auc,0.8976928808831867,0.9225909861418676,0.0248981052586808,8.565808165993076,1.0,uniform,annual,"2022,2023,2024,2025,2026",20260723T013213Z-85f136d9,8,,,
bg,37940,30352,7588,2025-06-18 17:00:00+00:00,2026-04-30 20:00:00+00:00,regression,GradientBoosting,r2,0.4995894519342803,0.535076919366811,0.0354874674325307,8.565808165993076,1.0,uniform,annual,"2022,2023,2024,2025,2026",20260723T013213Z-85f136d9,8,10.043358915306442,9.720009562787318,0.3233493525191235
bg,37940,30352,7588,2025-06-18 17:00:00+00:00,2026-04-30 20:00:00+00:00,regression,LightGBM,r2,0.4997943292328032,0.5264794390840243,0.026685109851221,8.565808165993076,1.0,uniform,annual,"2022,2023,2024,2025,2026",20260723T013213Z-85f136d9,8,10.03785917368944,9.774922481396205,0.2629366922932377
bg,37940,30352,7588,2025-06-18 17:00:00+00:00,2026-04-30 20:00:00+00:00,classification,LogReg,auc,0.9298391817529084,0.9367630014779844,0.0069238197250759,8.165118458040524,0.5,uniform,annual,"2022,2023,2024,2025,2026",20260723T013213Z-85f136d9,8,,,
bg,37940,30352,7588,2025-06-18 17:00:00+00:00,2026-04-30 20:00:00+00:00,classification,RandForest,auc,0.8976928808831867,0.9289707749708572,0.0312778940876705,8.165118458040524,0.5,uniform,annual,"2022,2023,2024,2025,2026",20260723T013213Z-85f136d9,8,,,
bg,37940,30352,7588,2025-06-18 17:00:00+00:00,2026-04-30 20:00:00+00:00,regression,GradientBoosting,r2,0.4995894519342803,0.533360472605331,0.0337710206710507,8.165118458040524,0.5,uniform,annual,"2022,2023,2024,2025,2026",20260723T013213Z-85f136d9,8,10.043358915306442,9.710410109080396,0.3329488062260459
bg,37940,30352,7588,2025-06-18 17:00:00+00:00,2026-04-30 20:00:00+00:00,classification,LogReg,auc,0.9298391817529084,0.9369293516735472,0.0070901699206388,8.18653229199117,0.25,uniform,annual,"2022,2023,2024,2025,2026",20260723T013213Z-85f136d9,8,,,
hr,37941,30352,7589,2025-06-18 17:00:00+00:00,2026-04-30 21:00:00+00:00,classification,LogReg,auc,0.7011282692057182,0.8506370321220227,0.1495087629163044,10.61534187500365,1.0,capacity,annual,"2022,2023,2024,2025,2026",20260723T013213Z-85f136d9,8,,,
hr,37941,30352,7589,2025-06-18 17:00:00+00:00,2026-04-30 21:00:00+00:00,regression,LightGBM,r2,0.0165099138853365,0.3236253756439633,0.3071154617586268,10.457785125006922,1.0,uniform,annual,"2022,2023,2024,2025,2026",20260723T013213Z-85f136d9,8,14.718715959907202,11.653443635470278,3.065272324436924
hr,37941,30352,7589,2025-06-18 17:00:00+00:00,2026-04-30 21:00:00+00:00,regression,GradientBoosting,r2,0.0238024617526498,0.3491193589905199,0.32531689723787,10.611911166983193,2.0,capacity,annual,"2022,2023,2024,2025,2026",20260723T013213Z-85f136d9,8,14.706392686602184,11.57314628022478,3.1332464063774044
be,37942,30353,7589,2025-06-18 17:00:00+00:00,2026-04-30 21:00:00+00:00,regression,LightGBM,r2,0.3811965029537688,0.8454145074997466,0.4642180045459777,9.212129374966024,2.0,capacity,annual,"2022,2023,2024,2025,2026",20260723T013213Z-85f136d9,8,13.04050559914558,5.619159543266072,7.421346055879509
hr,37941,30352,7589,2025-06-18 17:00:00+00:00,2026-04-30 21:00:00+00:00,regression,LightGBM,r2,0.0165099138853365,0.3196729171395591,0.3031630032542226,10.611911166983193,2.0,capacity,annual,"2022,2023,2024,2025,2026",20260723T013213Z-85f136d9,8,14.718715959907202,11.75528508078244,2.963430879124763
be,37942,30353,7589,2025-06-18 17:00:00+00:00,2026-04-30 21:00:00+00:00,classification,RandForest,auc,0.8553930267624273,0.9675748928720196,0.1121818661095921,9.32093345897738,0.25,capacity,annual,"2022,2023,2024,2025,2026",20260723T013213Z-85f136d9,8,,,
be,37942,30353,7589,2025-06-18 17:00:00+00:00,2026-04-30 21:00:00+00:00,regression,GradientBoosting,r2,0.3803729920052342,0.8480317897476414,0.4676587977424071,9.32093345897738,0.25,capacity,annual,"2022,2023,2024,2025,2026",20260723T013213Z-85f136d9,8,13.047221506678447,5.542119153227672,7.505102353450775
be,37942,30353,7589,2025-06-18 17:00:00+00:00,2026-04-30 21:00:00+00:00,regression,LightGBM,r2,0.3811965029537688,0.8499983902196769,0.4688018872659081,9.32093345897738,0.25,capacity,annual,"2022,2023,2024,2025,2026",20260723T013213Z-85f136d9,8,13.04050559914558,5.505284835118359,7.535220764027222
be,37942,30353,7589,2025-06-18 17:00:00+00:00,2026-04-30 21:00:00+00:00,classification,LogReg,auc,0.8042809132710942,0.9600346057339448,0.1557536924628505,9.015765541989822,1.0,uniform,annual,"2022,2023,2024,2025,2026",20260723T013213Z-85f136d9,8,,,
be,37942,30353,7589,2025-06-18 17:00:00+00:00,2026-04-30 21:00:00+00:00,classification,RandForest,auc,0.8553930267624273,0.9606298486488336,0.1052368218864061,9.015765541989822,1.0,uniform,annual,"2022,2023,2024,2025,2026",20260723T013213Z-85f136d9,8,,,
be,37942,30353,7589,2025-06-18 17:00:00+00:00,2026-04-30 21:00:00+00:00,regression,GradientBoosting,r2,0.3803729920052342,0.7959463582613391,0.4155733662561048,9.015765541989822,1.0,uniform,annual,"2022,2023,2024,2025,2026",20260723T013213Z-85f136d9,8,13.047221506678447,6.832032876535544,6.215188630142904
be,37942,30353,7589,2025-06-18 17:00:00+00:00,2026-04-30 21:00:00+00:00,regression,LightGBM,r2,0.3811965029537688,0.79916937025943,0.4179728673056612,9.015765541989822,1.0,uniform,annual,"2022,2023,2024,2025,2026",20260723T013213Z-85f136d9,8,13.04050559914558,6.761753122591147,6.278752476554434
be,37942,30353,7589,2025-06-18 17:00:00+00:00,2026-04-30 21:00:00+00:00,classification,LogReg,auc,0.8042809132710942,0.9601171502832606,0.1558362370121664,8.735960666032042,2.0,uniform,annual,"2022,2023,2024,2025,2026",20260723T013213Z-85f136d9,8,,,
be,37942,30353,7589,2025-06-18 17:00:00+00:00,2026-04-30 21:00:00+00:00,classification,RandForest,auc,0.8553930267624273,0.9608689916789696,0.1054759649165423,8.735960666032042,2.0,uniform,annual,"2022,2023,2024,2025,2026",20260723T013213Z-85f136d9,8,,,
be,37942,30353,7589,2025-06-18 17:00:00+00:00,2026-04-30 21:00:00+00:00,regression,GradientBoosting,r2,0.3803729920052342,0.7979797460599821,0.4176067540547479,8.735960666032042,2.0,uniform,annual,"2022,2023,2024,2025,2026",20260723T013213Z-85f136d9,8,13.047221506678447,6.725792910944794,6.321428595733654
be,37942,30353,7589,2025-06-18 17:00:00+00:00,2026-04-30 21:00:00+00:00,regression,LightGBM,r2,0.3811965029537688,0.8002641668973294,0.4190676639435605,8.735960666032042,2.0,uniform,annual,"2022,2023,2024,2025,2026",20260723T013213Z-85f136d9,8,13.04050559914558,6.656253285335647,6.384252313809934
be,37942,30353,7589,2025-06-18 17:00:00+00:00,2026-04-30 21:00:00+00:00,classification,LogReg,auc,0.8042809132710942,0.9608621879388692,0.1565812746677751,8.902155832969584,0.5,uniform,annual,"2022,2023,2024,2025,2026",20260723T013213Z-85f136d9,8,,,
be,37942,30353,7589,2025-06-18 17:00:00+00:00,2026-04-30 21:00:00+00:00,classification,RandForest,auc,0.8553930267624273,0.9603227244469515,0.1049296976845242,8.902155832969584,0.5,uniform,annual,"2022,2023,2024,2025,2026",20260723T013213Z-85f136d9,8,,,
be,37942,30353,7589,2025-06-18 17:00:00+00:00,2026-04-30 21:00:00+00:00,regression,GradientBoosting,r2,0.3803729920052342,0.8441843482030169,0.4638113561977827,9.212129374966024,2.0,capacity,annual,"2022,2023,2024,2025,2026",20260723T013213Z-85f136d9,8,13.047221506678447,5.627404212120851,7.419817294557596
be,37942,30353,7589,2025-06-18 17:00:00+00:00,2026-04-30 21:00:00+00:00,regression,GradientBoosting,r2,0.3803729920052342,0.8049089287665883,0.424535936761354,8.902155832969584,0.5,uniform,annual,"2022,2023,2024,2025,2026",20260723T013213Z-85f136d9,8,13.047221506678447,6.6561772678614535,6.391044238816994
be,37942,30353,7589,2025-06-18 17:00:00+00:00,2026-04-30 21:00:00+00:00,classification,RandForest,auc,0.8553930267624273,0.967768771350249,0.1123757445878216,9.212129374966024,2.0,capacity,annual,"2022,2023,2024,2025,2026",20260723T013213Z-85f136d9,8,,,
be,37942,30353,7589,2025-06-18 17:00:00+00:00,2026-04-30 21:00:00+00:00,regression,LightGBM,r2,0.3811965029537688,0.8512757976612999,0.470079294707531,9.229867959045803,0.5,capacity,annual,"2022,2023,2024,2025,2026",20260723T013213Z-85f136d9,8,13.04050559914558,5.494671822249266,7.545833776896314
gr,37933,30346,7587,2025-06-18 17:00:00+00:00,2026-04-30 20:00:00+00:00,classification,LogReg,auc,0.7953325344182544,0.904046570130318,0.1087140357120635,9.642009958042763,2.0,uniform,annual,"2022,2023,2024,2025,2026",20260723T013213Z-85f136d9,8,,,
gr,37933,30346,7587,2025-06-18 17:00:00+00:00,2026-04-30 20:00:00+00:00,classification,RandForest,auc,0.788488666149749,0.9030514104649952,0.1145627443152461,9.642009958042763,2.0,uniform,annual,"2022,2023,2024,2025,2026",20260723T013213Z-85f136d9,8,,,
gr,37933,30346,7587,2025-06-18 17:00:00+00:00,2026-04-30 20:00:00+00:00,regression,GradientBoosting,r2,0.2681877379901742,0.5373864438258327,0.2691987058356584,9.642009958042763,2.0,uniform,annual,"2022,2023,2024,2025,2026",20260723T013213Z-85f136d9,8,17.875284454879893,13.801559632060185,4.073724822819708
gr,37933,30346,7587,2025-06-18 17:00:00+00:00,2026-04-30 20:00:00+00:00,regression,LightGBM,r2,0.2668967792070937,0.5319400890477115,0.2650433098406177,9.642009958042763,2.0,uniform,annual,"2022,2023,2024,2025,2026",20260723T013213Z-85f136d9,8,17.887216314420865,13.893083375613267,3.9941329388075975
gr,37933,30346,7587,2025-06-18 17:00:00+00:00,2026-04-30 20:00:00+00:00,classification,LogReg,auc,0.7953325344182544,0.9042897404901022,0.1089572060718478,9.503741166961843,0.25,uniform,annual,"2022,2023,2024,2025,2026",20260723T013213Z-85f136d9,8,,,
gr,37933,30346,7587,2025-06-18 17:00:00+00:00,2026-04-30 20:00:00+00:00,classification,RandForest,auc,0.788488666149749,0.903475909843785,0.114987243694036,9.503741166961843,0.25,uniform,annual,"2022,2023,2024,2025,2026",20260723T013213Z-85f136d9,8,,,
gr,37933,30346,7587,2025-06-18 17:00:00+00:00,2026-04-30 20:00:00+00:00,regression,GradientBoosting,r2,0.2681877379901742,0.5392103760675495,0.2710226380773752,9.503741166961843,0.25,uniform,annual,"2022,2023,2024,2025,2026",20260723T013213Z-85f136d9,8,17.875284454879893,13.755052607741977,4.120231847137918
gr,37933,30346,7587,2025-06-18 17:00:00+00:00,2026-04-30 20:00:00+00:00,regression,LightGBM,r2,0.2668967792070937,0.5358921524341964,0.2689953732271026,9.503741166961843,0.25,uniform,annual,"2022,2023,2024,2025,2026",20260723T013213Z-85f136d9,8,17.887216314420865,13.7977993794883,4.089416934932565
be,37942,30353,7589,2025-06-18 17:00:00+00:00,2026-04-30 21:00:00+00:00,classification,LogReg,auc,0.8042809132710942,0.9660428143058026,0.1617619010347084,9.18204624997452,1.0,capacity,annual,"2022,2023,2024,2025,2026",20260723T013213Z-85f136d9,8,,,
be,37942,30353,7589,2025-06-18 17:00:00+00:00,2026-04-30 21:00:00+00:00,classification,RandForest,auc,0.8553930267624273,0.9685319148266204,0.1131388880641931,9.18204624997452,1.0,capacity,annual,"2022,2023,2024,2025,2026",20260723T013213Z-85f136d9,8,,,
be,37942,30353,7589,2025-06-18 17:00:00+00:00,2026-04-30 21:00:00+00:00,regression,GradientBoosting,r2,0.3803729920052342,0.8484369609212672,0.4680639689160329,9.18204624997452,1.0,capacity,annual,"2022,2023,2024,2025,2026",20260723T013213Z-85f136d9,8,13.047221506678447,5.542598584381251,7.504622922297196
be,37942,30353,7589,2025-06-18 17:00:00+00:00,2026-04-30 21:00:00+00:00,regression,LightGBM,r2,0.3811965029537688,0.8506929983842856,0.4694964954305167,9.18204624997452,1.0,capacity,annual,"2022,2023,2024,2025,2026",20260723T013213Z-85f136d9,8,13.04050559914558,5.515192827430187,7.525312771715393
be,37942,30353,7589,2025-06-18 17:00:00+00:00,2026-04-30 21:00:00+00:00,classification,LogReg,auc,0.8042809132710942,0.9658608564300628,0.1615799431589687,9.229867959045803,0.5,capacity,annual,"2022,2023,2024,2025,2026",20260723T013213Z-85f136d9,8,,,
be,37942,30353,7589,2025-06-18 17:00:00+00:00,2026-04-30 21:00:00+00:00,classification,RandForest,auc,0.8553930267624273,0.9685796534658364,0.113186626703409,9.229867959045803,0.5,capacity,annual,"2022,2023,2024,2025,2026",20260723T013213Z-85f136d9,8,,,
be,37942,30353,7589,2025-06-18 17:00:00+00:00,2026-04-30 21:00:00+00:00,regression,GradientBoosting,r2,0.3803729920052342,0.8488528470054071,0.4684798550001728,9.229867959045803,0.5,capacity,annual,"2022,2023,2024,2025,2026",20260723T013213Z-85f136d9,8,13.047221506678447,5.533053750561324,7.514167756117123
be,37942,30353,7589,2025-06-18 17:00:00+00:00,2026-04-30 21:00:00+00:00,classification,LogReg,auc,0.8042809132710942,0.9649478057544572,0.160666892483363,9.212129374966024,2.0,capacity,annual,"2022,2023,2024,2025,2026",20260723T013213Z-85f136d9,8,,,
be,37942,30353,7589,2025-06-18 17:00:00+00:00,2026-04-30 21:00:00+00:00,regression,LightGBM,r2,0.3811965029537688,0.8048156708391369,0.423619167885368,8.902155832969584,0.5,uniform,annual,"2022,2023,2024,2025,2026",20260723T013213Z-85f136d9,8,13.04050559914558,6.651791320672507,6.388714278473074
be,37942,30353,7589,2025-06-18 17:00:00+00:00,2026-04-30 21:00:00+00:00,classification,LogReg,auc,0.8042809132710942,0.9657265809642822,0.161445667693188,9.32093345897738,0.25,capacity,annual,"2022,2023,2024,2025,2026",20260723T013213Z-85f136d9,8,,,
be,37942,30353,7589,2025-06-18 17:00:00+00:00,2026-04-30 21:00:00+00:00,classification,RandForest,auc,0.8553930267624273,0.960413084862994,0.1050200581005667,9.013950875028968,0.25,uniform,annual,"2022,2023,2024,2025,2026",20260723T013213Z-85f136d9,8,,,
lt,37939,30351,7588,2025-06-18 16:00:00+00:00,2026-04-30 20:00:00+00:00,regression,GradientBoosting,r2,-0.1460955580557066,0.2734287086557502,0.4195242667114568,9.74342933302978,0.25,uniform,annual,"2022,2023,2024,2025,2026",20260723T013213Z-85f136d9,8,31.61068198632221,23.792425675545136,7.81825631077707
lt,37939,30351,7588,2025-06-18 16:00:00+00:00,2026-04-30 20:00:00+00:00,regression,LightGBM,r2,-0.1407038953587196,0.2821979049885467,0.4229018003472663,9.74342933302978,0.25,uniform,annual,"2022,2023,2024,2025,2026",20260723T013213Z-85f136d9,8,31.560561210784737,23.50655426869296,8.054006942091775
lt,37939,30351,7588,2025-06-18 16:00:00+00:00,2026-04-30 20:00:00+00:00,classification,LogReg,auc,0.618380465095226,0.9092000048057997,0.2908195397105736,9.679454625002109,0.5,uniform,annual,"2022,2023,2024,2025,2026",20260723T013213Z-85f136d9,8,,,
lt,37939,30351,7588,2025-06-18 16:00:00+00:00,2026-04-30 20:00:00+00:00,classification,RandForest,auc,0.6811298881897195,0.9115504808733368,0.2304205926836172,9.679454625002109,0.5,uniform,annual,"2022,2023,2024,2025,2026",20260723T013213Z-85f136d9,8,,,
lt,37939,30351,7588,2025-06-18 16:00:00+00:00,2026-04-30 20:00:00+00:00,regression,GradientBoosting,r2,-0.1460955580557066,0.2726618220808396,0.4187573801365463,9.679454625002109,0.5,uniform,annual,"2022,2023,2024,2025,2026",20260723T013213Z-85f136d9,8,31.61068198632221,23.721369678618196,7.88931230770401
lt,37939,30351,7588,2025-06-18 16:00:00+00:00,2026-04-30 20:00:00+00:00,classification,LogReg,auc,0.618380465095226,0.906117377743392,0.2877369126481659,9.79045154195046,1.0,uniform,annual,"2022,2023,2024,2025,2026",20260723T013213Z-85f136d9,8,,,
lt,37939,30351,7588,2025-06-18 16:00:00+00:00,2026-04-30 20:00:00+00:00,classification,RandForest,auc,0.6811298881897195,0.9079020547307928,0.2267721665410732,9.79045154195046,1.0,uniform,annual,"2022,2023,2024,2025,2026",20260723T013213Z-85f136d9,8,,,
lt,37939,30351,7588,2025-06-18 16:00:00+00:00,2026-04-30 20:00:00+00:00,regression,GradientBoosting,r2,-0.1460955580557066,0.2592391850936312,0.4053347431493378,9.79045154195046,1.0,uniform,annual,"2022,2023,2024,2025,2026",20260723T013213Z-85f136d9,8,31.61068198632221,23.882732606308373,7.727949380013833
lt,37939,30351,7588,2025-06-18 16:00:00+00:00,2026-04-30 20:00:00+00:00,regression,LightGBM,r2,-0.1407038953587196,0.2662320359114166,0.4069359312701363,9.79045154195046,1.0,uniform,annual,"2022,2023,2024,2025,2026",20260723T013213Z-85f136d9,8,31.560561210784737,23.684771315765513,7.875789895019224
lt,37939,30351,7588,2025-06-18 16:00:00+00:00,2026-04-30 20:00:00+00:00,classification,LogReg,auc,0.618380465095226,0.9015793198620066,0.2831988547667805,9.69612270896323,2.0,uniform,annual,"2022,2023,2024,2025,2026",20260723T013213Z-85f136d9,8,,,
lt,37939,30351,7588,2025-06-18 16:00:00+00:00,2026-04-30 20:00:00+00:00,classification,RandForest,auc,0.6811298881897195,0.8984845385971368,0.2173546504074173,9.69612270896323,2.0,uniform,annual,"2022,2023,2024,2025,2026",20260723T013213Z-85f136d9,8,,,
lt,37939,30351,7588,2025-06-18 16:00:00+00:00,2026-04-30 20:00:00+00:00,regression,GradientBoosting,r2,-0.1460955580557066,0.2516663427545088,0.3977619008102154,9.69612270896323,2.0,uniform,annual,"2022,2023,2024,2025,2026",20260723T013213Z-85f136d9,8,31.61068198632221,24.201065363878552,7.409616622443654
lt,37939,30351,7588,2025-06-18 16:00:00+00:00,2026-04-30 20:00:00+00:00,regression,LightGBM,r2,-0.1407038953587196,0.2496994830908444,0.3904033784495641,9.69612270896323,2.0,uniform,annual,"2022,2023,2024,2025,2026",20260723T013213Z-85f136d9,8,31.560561210784737,24.105644148564423,7.454917062220311
be,37942,30353,7589,2025-06-18 17:00:00+00:00,2026-04-30 21:00:00+00:00,classification,LogReg,auc,0.8042809132710942,0.9597563833701748,0.1554754700990805,9.013950875028968,0.25,uniform,annual,"2022,2023,2024,2025,2026",20260723T013213Z-85f136d9,8,,,
hr,37941,30352,7589,2025-06-18 17:00:00+00:00,2026-04-30 21:00:00+00:00,classification,RandForest,auc,0.6286851369828342,0.7838802218917051,0.1551950849088709,10.611911166983193,2.0,capacity,annual,"2022,2023,2024,2025,2026",20260723T013213Z-85f136d9,8,,,
lt,37939,30351,7588,2025-06-18 16:00:00+00:00,2026-04-30 20:00:00+00:00,classification,RandForest,auc,0.6811298881897195,0.911263145747887,0.2301332575581675,9.74342933302978,0.25,uniform,annual,"2022,2023,2024,2025,2026",20260723T013213Z-85f136d9,8,,,
lt,37939,30351,7588,2025-06-18 16:00:00+00:00,2026-04-30 20:00:00+00:00,classification,LogReg,auc,0.618380465095226,0.9088498380417596,0.2904693729465335,9.74342933302978,0.25,uniform,annual,"2022,2023,2024,2025,2026",20260723T013213Z-85f136d9,8,,,
hr,37941,30352,7589,2025-06-18 17:00:00+00:00,2026-04-30 21:00:00+00:00,classification,LogReg,auc,0.7011282692057182,0.843489955321305,0.1423616861155867,10.611911166983193,2.0,capacity,annual,"2022,2023,2024,2025,2026",20260723T013213Z-85f136d9,8,,,
lt,37939,30351,7588,2025-06-18 16:00:00+00:00,2026-04-30 20:00:00+00:00,regression,GradientBoosting,r2,-0.1460955580557066,0.2344990323497231,0.3805945904054297,10.46143716701772,0.5,capacity,annual,"2022,2023,2024,2025,2026",20260723T013213Z-85f136d9,8,31.61068198632221,24.583998336971536,7.0266836493506695
lt,37939,30351,7588,2025-06-18 16:00:00+00:00,2026-04-30 20:00:00+00:00,regression,LightGBM,r2,-0.1407038953587196,0.2543213805751638,0.3950252759338835,10.46143716701772,0.5,capacity,annual,"2022,2023,2024,2025,2026",20260723T013213Z-85f136d9,8,31.560561210784737,24.158511168584074,7.402050042200663
be,37942,30353,7589,2025-06-18 17:00:00+00:00,2026-04-30 21:00:00+00:00,regression,LightGBM,r2,0.3811965029537688,0.7956072524183492,0.4144107494645803,9.013950875028968,0.25,uniform,annual,"2022,2023,2024,2025,2026",20260723T013213Z-85f136d9,8,13.04050559914558,6.843179610309324,6.197325988836257
lt,37939,30351,7588,2025-06-18 16:00:00+00:00,2026-04-30 20:00:00+00:00,classification,LogReg,auc,0.618380465095226,0.9203947237908594,0.3020142586956333,10.393995916994754,2.0,capacity,annual,"2022,2023,2024,2025,2026",20260723T013213Z-85f136d9,8,,,
lt,37939,30351,7588,2025-06-18 16:00:00+00:00,2026-04-30 20:00:00+00:00,classification,RandForest,auc,0.6811298881897195,0.9243262939545556,0.243196405764836,10.393995916994754,2.0,capacity,annual,"2022,2023,2024,2025,2026",20260723T013213Z-85f136d9,8,,,
lt,37939,30351,7588,2025-06-18 16:00:00+00:00,2026-04-30 20:00:00+00:00,regression,GradientBoosting,r2,-0.1460955580557066,0.2438838116178723,0.3899793696735789,10.393995916994754,2.0,capacity,annual,"2022,2023,2024,2025,2026",20260723T013213Z-85f136d9,8,31.61068198632221,24.556618384346145,7.054063601976061
lt,37939,30351,7588,2025-06-18 16:00:00+00:00,2026-04-30 20:00:00+00:00,regression,LightGBM,r2,-0.1407038953587196,0.2500383412964794,0.390742236655199,10.393995916994754,2.0,capacity,annual,"2022,2023,2024,2025,2026",20260723T013213Z-85f136d9,8,31.560561210784737,24.38510438444836,7.175456826336376
lt,37939,30351,7588,2025-06-18 16:00:00+00:00,2026-04-30 20:00:00+00:00,classification,LogReg,auc,0.618380465095226,0.922654287821014,0.3042738227257879,10.448820999998134,0.25,capacity,annual,"2022,2023,2024,2025,2026",20260723T013213Z-85f136d9,8,,,
lt,37939,30351,7588,2025-06-18 16:00:00+00:00,2026-04-30 20:00:00+00:00,classification,RandForest,auc,0.6811298881897195,0.9305472548406556,0.249417366650936,10.448820999998134,0.25,capacity,annual,"2022,2023,2024,2025,2026",20260723T013213Z-85f136d9,8,,,
be,37942,30353,7589,2025-06-18 17:00:00+00:00,2026-04-30 21:00:00+00:00,regression,GradientBoosting,r2,0.3803729920052342,0.794102725117668,0.4137297331124338,9.013950875028968,0.25,uniform,annual,"2022,2023,2024,2025,2026",20260723T013213Z-85f136d9,8,13.047221506678447,6.872228271292103,6.174993235386344
lt,37939,30351,7588,2025-06-18 16:00:00+00:00,2026-04-30 20:00:00+00:00,regression,LightGBM,r2,-0.1407038953587196,0.2478349439802081,0.3885388393389277,10.448820999998134,0.25,capacity,annual,"2022,2023,2024,2025,2026",20260723T013213Z-85f136d9,8,31.560561210784737,24.211975523167013,7.3485856876177245
lt,37939,30351,7588,2025-06-18 16:00:00+00:00,2026-04-30 20:00:00+00:00,classification,LogReg,auc,0.618380465095226,0.9234125982918736,0.3050321331966474,10.426088790991344,1.0,capacity,annual,"2022,2023,2024,2025,2026",20260723T013213Z-85f136d9,8,,,
lt,37939,30351,7588,2025-06-18 16:00:00+00:00,2026-04-30 20:00:00+00:00,classification,RandForest,auc,0.6811298881897195,0.9294290682141342,0.2482991800244146,10.426088790991344,1.0,capacity,annual,"2022,2023,2024,2025,2026",20260723T013213Z-85f136d9,8,,,
lt,37939,30351,7588,2025-06-18 16:00:00+00:00,2026-04-30 20:00:00+00:00,regression,GradientBoosting,r2,-0.1460955580557066,0.2395116038969297,0.3856071619526363,10.426088790991344,1.0,capacity,annual,"2022,2023,2024,2025,2026",20260723T013213Z-85f136d9,8,31.61068198632221,24.5450082895087,7.065673696813505
lt,37939,30351,7588,2025-06-18 16:00:00+00:00,2026-04-30 20:00:00+00:00,regression,LightGBM,r2,-0.1407038953587196,0.2523535326609086,0.3930574280196283,10.426088790991344,1.0,capacity,annual,"2022,2023,2024,2025,2026",20260723T013213Z-85f136d9,8,31.560561210784737,24.15643017241854,7.404131038366199
lt,37939,30351,7588,2025-06-18 16:00:00+00:00,2026-04-30 20:00:00+00:00,classification,LogReg,auc,0.618380465095226,0.9230215682609348,0.3046411031657087,10.46143716701772,0.5,capacity,annual,"2022,2023,2024,2025,2026",20260723T013213Z-85f136d9,8,,,
lt,37939,30351,7588,2025-06-18 16:00:00+00:00,2026-04-30 20:00:00+00:00,regression,GradientBoosting,r2,-0.1460955580557066,0.2381253744673506,0.3842209325230572,10.448820999998134,0.25,capacity,annual,"2022,2023,2024,2025,2026",20260723T013213Z-85f136d9,8,31.61068198632221,24.534748093328673,7.0759338929935325
lt,37939,30351,7588,2025-06-18 16:00:00+00:00,2026-04-30 20:00:00+00:00,classification,RandForest,auc,0.6811298881897195,0.9301454676420206,0.249015579452301,10.46143716701772,0.5,capacity,annual,"2022,2023,2024,2025,2026",20260723T013213Z-85f136d9,8,,,
es,37941,30352,7589,2025-06-18 16:00:00+00:00,2026-04-30 21:00:00+00:00,classification,RandForest,auc,0.855632068846712,0.9394235491490326,0.0837914803023206,7.380088582984172,1.0,uniform,annual,"2022,2023,2024,2025,2026",20260723T202350Z-ee4abe69,4,,,
es,37941,30352,7589,2025-06-18 16:00:00+00:00,2026-04-30 21:00:00+00:00,regression,GradientBoosting,r2,0.5733582053070105,0.7517717608792702,0.1784135555722596,7.380088582984172,1.0,uniform,annual,"2022,2023,2024,2025,2026",20260723T202350Z-ee4abe69,4,11.38998790114525,8.164474752724944,3.2255131484203066
es,37941,30352,7589,2025-06-18 16:00:00+00:00,2026-04-30 21:00:00+00:00,regression,LightGBM,r2,0.5732549371660114,0.7466845567296121,0.1734296195636007,7.380088582984172,1.0,uniform,annual,"2022,2023,2024,2025,2026",20260723T202350Z-ee4abe69,4,11.377307660036257,8.220430525496608,3.1568771345396485
es,37941,30352,7589,2025-06-18 16:00:00+00:00,2026-04-30 21:00:00+00:00,classification,LogReg,auc,0.8151945160355635,0.9438611292032196,0.128666613167656,7.458425875054672,0.5,uniform,annual,"2022,2023,2024,2025,2026",20260723T202350Z-ee4abe69,4,,,
es,37941,30352,7589,2025-06-18 16:00:00+00:00,2026-04-30 21:00:00+00:00,classification,RandForest,auc,0.855632068846712,0.9396118444440266,0.0839797755973146,7.458425875054672,0.5,uniform,annual,"2022,2023,2024,2025,2026",20260723T202350Z-ee4abe69,4,,,
es,37941,30352,7589,2025-06-18 16:00:00+00:00,2026-04-30 21:00:00+00:00,regression,GradientBoosting,r2,0.5733582053070105,0.7537108312477728,0.1803526259407623,7.458425875054672,0.5,uniform,annual,"2022,2023,2024,2025,2026",20260723T202350Z-ee4abe69,4,11.38998790114525,8.11952848138156,3.270459419763691
es,37941,30352,7589,2025-06-18 16:00:00+00:00,2026-04-30 21:00:00+00:00,classification,RandForest,auc,0.855632068846712,0.9444924570096708,0.0888603881629587,7.026017583033536,2.0,uniform,annual,"2022,2023,2024,2025,2026",20260723T202350Z-ee4abe69,4,,,
es,37941,30352,7589,2025-06-18 16:00:00+00:00,2026-04-30 21:00:00+00:00,classification,LogReg,auc,0.8151945160355635,0.9455755898821132,0.1303810738465496,7.026017583033536,2.0,uniform,annual,"2022,2023,2024,2025,2026",20260723T202350Z-ee4abe69,4,,,
es,37941,30352,7589,2025-06-18 16:00:00+00:00,2026-04-30 21:00:00+00:00,regression,GradientBoosting,r2,0.5733582053070105,0.7560674935407627,0.1827092882337522,7.026017583033536,2.0,uniform,annual,"2022,2023,2024,2025,2026",20260723T202350Z-ee4abe69,4,11.38998790114525,8.100943877583317,3.289044023561934
es,37941,30352,7589,2025-06-18 16:00:00+00:00,2026-04-30 21:00:00+00:00,regression,LightGBM,r2,0.5732549371660114,0.7508249753986532,0.1775700382326418,7.026017583033536,2.0,uniform,annual,"2022,2023,2024,2025,2026",20260723T202350Z-ee4abe69,4,11.377307660036257,8.173796784968694,3.203510875067563
es,37941,30352,7589,2025-06-18 16:00:00+00:00,2026-04-30 21:00:00+00:00,classification,LogReg,auc,0.8151945160355635,0.9430371013170086,0.1278425852814451,7.213929624995217,0.25,uniform,annual,"2022,2023,2024,2025,2026",20260723T202350Z-ee4abe69,4,,,
es,37941,30352,7589,2025-06-18 16:00:00+00:00,2026-04-30 21:00:00+00:00,classification,RandForest,auc,0.855632068846712,0.9381283943678568,0.0824963255211449,7.213929624995217,0.25,uniform,annual,"2022,2023,2024,2025,2026",20260723T202350Z-ee4abe69,4,,,
es,37941,30352,7589,2025-06-18 16:00:00+00:00,2026-04-30 21:00:00+00:00,classification,LogReg,auc,0.8151945160355635,0.9437791779975744,0.128584661962011,7.380088582984172,1.0,uniform,annual,"2022,2023,2024,2025,2026",20260723T202350Z-ee4abe69,4,,,
es,37941,30352,7589,2025-06-18 16:00:00+00:00,2026-04-30 21:00:00+00:00,regression,LightGBM,r2,0.5732549371660114,0.7486827311307496,0.1754277939647381,7.458425875054672,0.5,uniform,annual,"2022,2023,2024,2025,2026",20260723T202350Z-ee4abe69,4,11.377307660036257,8.186393125358267,3.19091453467799
es,37941,30352,7589,2025-06-18 16:00:00+00:00,2026-04-30 21:00:00+00:00,regression,LightGBM,r2,0.5732549371660114,0.8091620645356444,0.235907127369633,7.42556100001093,0.25,capacity,annual,"2022,2023,2024,2025,2026",20260723T202350Z-ee4abe69,4,11.377307660036257,6.955018662066146,4.422288997970111
es,37941,30352,7589,2025-06-18 16:00:00+00:00,2026-04-30 21:00:00+00:00,regression,GradientBoosting,r2,0.5733582053070105,0.8009459021745273,0.2275876968675168,7.664616583962925,1.0,capacity,annual,"2022,2023,2024,2025,2026",20260723T202350Z-ee4abe69,4,11.38998790114525,7.204852604011683,4.185135297133567
es,37941,30352,7589,2025-06-18 16:00:00+00:00,2026-04-30 21:00:00+00:00,classification,RandForest,auc,0.855632068846712,0.9669985752186956,0.1113665063719836,7.42556100001093,0.25,capacity,annual,"2022,2023,2024,2025,2026",20260723T202350Z-ee4abe69,4,,,
es,37941,30352,7589,2025-06-18 16:00:00+00:00,2026-04-30 21:00:00+00:00,classification,LogReg,auc,0.8151945160355635,0.9567733670870632,0.1415788510514997,7.42556100001093,0.25,capacity,annual,"2022,2023,2024,2025,2026",20260723T202350Z-ee4abe69,4,,,
es,37941,30352,7589,2025-06-18 16:00:00+00:00,2026-04-30 21:00:00+00:00,regression,LightGBM,r2,0.5732549371660114,0.8058192450413536,0.2325643078753422,7.425387791008688,0.5,capacity,annual,"2022,2023,2024,2025,2026",20260723T202350Z-ee4abe69,4,11.377307660036257,7.021042887516334,4.356264772519923
es,37941,30352,7589,2025-06-18 16:00:00+00:00,2026-04-30 21:00:00+00:00,regression,GradientBoosting,r2,0.5733582053070105,0.8098301851939347,0.2364719798869241,7.425387791008688,0.5,capacity,annual,"2022,2023,2024,2025,2026",20260723T202350Z-ee4abe69,4,11.38998790114525,6.991864863292302,4.398123037852948
es,37941,30352,7589,2025-06-18 16:00:00+00:00,2026-04-30 21:00:00+00:00,classification,RandForest,auc,0.855632068846712,0.9665689421365264,0.1109368732898143,7.425387791008688,0.5,capacity,annual,"2022,2023,2024,2025,2026",20260723T202350Z-ee4abe69,4,,,
es,37941,30352,7589,2025-06-18 16:00:00+00:00,2026-04-30 21:00:00+00:00,classification,LogReg,auc,0.8151945160355635,0.9561050983125752,0.1409105822770116,7.425387791008688,0.5,capacity,annual,"2022,2023,2024,2025,2026",20260723T202350Z-ee4abe69,4,,,
es,37941,30352,7589,2025-06-18 16:00:00+00:00,2026-04-30 21:00:00+00:00,regression,LightGBM,r2,0.5732549371660114,0.796904576279684,0.2236496391136726,7.664616583962925,1.0,capacity,annual,"2022,2023,2024,2025,2026",20260723T202350Z-ee4abe69,4,11.377307660036257,7.270690243525589,4.106617416510668
es,37941,30352,7589,2025-06-18 16:00:00+00:00,2026-04-30 21:00:00+00:00,classification,RandForest,auc,0.855632068846712,0.961950284711962,0.1063182158652499,7.664616583962925,1.0,capacity,annual,"2022,2023,2024,2025,2026",20260723T202350Z-ee4abe69,4,,,
es,37941,30352,7589,2025-06-18 16:00:00+00:00,2026-04-30 21:00:00+00:00,classification,LogReg,auc,0.8151945160355635,0.9541931256041772,0.1389986095686137,7.664616583962925,1.0,capacity,annual,"2022,2023,2024,2025,2026",20260723T202350Z-ee4abe69,4,,,
es,37941,30352,7589,2025-06-18 16:00:00+00:00,2026-04-30 21:00:00+00:00,regression,LightGBM,r2,0.5732549371660114,0.7870485415570893,0.2137936043910778,7.704370832943823,2.0,capacity,annual,"2022,2023,2024,2025,2026",20260723T202350Z-ee4abe69,4,11.377307660036257,7.49087995731484,3.886427702721417
es,37941,30352,7589,2025-06-18 16:00:00+00:00,2026-04-30 21:00:00+00:00,regression,GradientBoosting,r2,0.5733582053070105,0.7917778881063479,0.2184196827993373,7.704370832943823,2.0,capacity,annual,"2022,2023,2024,2025,2026",20260723T202350Z-ee4abe69,4,11.38998790114525,7.451124948685565,3.9388629524596857
es,37941,30352,7589,2025-06-18 16:00:00+00:00,2026-04-30 21:00:00+00:00,classification,RandForest,auc,0.855632068846712,0.9550919237864152,0.0994598549397032,7.704370832943823,2.0,capacity,annual,"2022,2023,2024,2025,2026",20260723T202350Z-ee4abe69,4,,,
es,37941,30352,7589,2025-06-18 16:00:00+00:00,2026-04-30 21:00:00+00:00,classification,LogReg,auc,0.8151945160355635,0.9512917419983568,0.1360972259627934,7.704370832943823,2.0,capacity,annual,"2022,2023,2024,2025,2026",20260723T202350Z-ee4abe69,4,,,
es,37941,30352,7589,2025-06-18 16:00:00+00:00,2026-04-30 21:00:00+00:00,regression,GradientBoosting,r2,0.5733582053070105,0.7509235266763132,0.1775653213693027,7.213929624995217,0.25,uniform,annual,"2022,2023,2024,2025,2026",20260723T202350Z-ee4abe69,4,11.38998790114525,8.158830223724284,3.231157677420967
es,37941,30352,7589,2025-06-18 16:00:00+00:00,2026-04-30 21:00:00+00:00,regression,GradientBoosting,r2,0.5733582053070105,0.8131067586421047,0.2397485533350941,7.42556100001093,0.25,capacity,annual,"2022,2023,2024,2025,2026",20260723T202350Z-ee4abe69,4,11.38998790114525,6.908605723575293,4.481382177569958
es,37941,30352,7589,2025-06-18 16:00:00+00:00,2026-04-30 21:00:00+00:00,regression,LightGBM,r2,0.5732549371660114,0.7466002573873864,0.173345320221375,7.213929624995217,0.25,uniform,annual,"2022,2023,2024,2025,2026",20260723T202350Z-ee4abe69,4,11.377307660036257,8.22095661858517,3.156351041451087
